Nama_Produk,Akun,Ulasan,rate
Masker KF94 4 Ply Isi 10 Pcs Masker Medis Kesehatan Kemasan Plastik - Putih,Stephanus,dua kali beli sayang lambat respon order pagi kirim sore respon respon itu kirim besok barang bagus sesuai harga,3
Masker KF94 4 Ply Isi 10 Pcs Masker Medis Kesehatan Kemasan Plastik - Putih,Yati,bagus kirim cepat,5
Masker KF94 4 Ply Isi 10 Pcs Masker Medis Kesehatan Kemasan Plastik - Putih,Husin,barang sesuai pesan,5
Masker KF94 4 Ply Isi 10 Pcs Masker Medis Kesehatan Kemasan Plastik - Putih,Febby,panas pakai,2
Masker KF94 4 Ply Isi 10 Pcs Masker Medis Kesehatan Kemasan Plastik - Putih,Rahmat,barang sesuai minta bagus komunikasi jual beli pro aktif,3
Masker KF94 4 Ply Isi 10 Pcs Masker Medis Kesehatan Kemasan Plastik - Putih,Alden,bagus masker,5
Masker KF94 4 Ply Isi 10 Pcs Masker Medis Kesehatan Kemasan Plastik - Putih,Heni,pengirimn cepat produk bagus konsumen suka makasih,5
Masker KF94 4 Ply Isi 10 Pcs Masker Medis Kesehatan Kemasan Plastik - Putih,Husin,barang sesuai pesan kirim cepat,5
Masker KF94 4 Ply Isi 10 Pcs Masker Medis Kesehatan Kemasan Plastik - Putih,n***l,proses barang jemput kurir banget anjas pokok,5
Masker KF94 4 Ply Isi 10 Pcs Masker Medis Kesehatan Kemasan Plastik - Putih,Antonius,mantabspesan warna hitam putih pink,4
MASKER 3PLY IZIN KEMENKES MASKER MEDIS KESEHATAN 3 PLY ALKINDO 50 PCS - Biru Earloop,M***e,kirim cepat sesuai pesan respon jual cepat ramah,5
MASKER 3PLY IZIN KEMENKES MASKER MEDIS KESEHATAN 3 PLY ALKINDO 50 PCS - Biru Earloop,R***I,barang terima sesuai pesan aman,5
MASKER 3PLY IZIN KEMENKES MASKER MEDIS KESEHATAN 3 PLY ALKINDO 50 PCS - Biru Earloop,Frida,tidak ada komentar,5
MASKER 3PLY IZIN KEMENKES MASKER MEDIS KESEHATAN 3 PLY ALKINDO 50 PCS - Biru Earloop,Renold,kecewa berat masker hijab warna hitam tali masker gampang putus tali masker pendek,5
MASKER 3PLY IZIN KEMENKES MASKER MEDIS KESEHATAN 3 PLY ALKINDO 50 PCS - Biru Earloop,Roy,kirim sesuai estimasi baik,5
MASKER 3PLY IZIN KEMENKES MASKER MEDIS KESEHATAN 3 PLY ALKINDO 50 PCS - Biru Earloop,Ridwan,karet headloop nya pendek istri pakai untung anak,1
MASKER 3PLY IZIN KEMENKES MASKER MEDIS KESEHATAN 3 PLY ALKINDO 50 PCS - Biru Earloop,Fatma,barang bagus hrga murah layan muas,2
MASKER 3PLY IZIN KEMENKES MASKER MEDIS KESEHATAN 3 PLY ALKINDO 50 PCS - Biru Earloop,v***a,bagus barang sesuai,3
MASKER 3PLY IZIN KEMENKES MASKER MEDIS KESEHATAN 3 PLY ALKINDO 50 PCS - Biru Earloop,A***s,tidak ada komentar,5
MASKER 3PLY IZIN KEMENKES MASKER MEDIS KESEHATAN 3 PLY ALKINDO 50 PCS - Biru Earloop,Renold,masker medis lumayan cepat tuju harga murah barang murahansmoga masker medis nya manfaat,5
Masker 3 ply Medis Masker Bedah Kemenkes 3ply isi 50pcs Merk Orlee - Masker Earloop,Parama,sesuai pesan packing kirim cepat terima kasih ya,5
Masker 3 ply Medis Masker Bedah Kemenkes 3ply isi 50pcs Merk Orlee - Masker Earloop,S***l,sesuai harga,5
Masker 3 ply Medis Masker Bedah Kemenkes 3ply isi 50pcs Merk Orlee - Masker Earloop,Galih,kirim cepat barang sesuai,5
Masker 3 ply Medis Masker Bedah Kemenkes 3ply isi 50pcs Merk Orlee - Masker Earloop,Sujatmiko,sesuai pesan sip,5
Masker 3 ply Medis Masker Bedah Kemenkes 3ply isi 50pcs Merk Orlee - Masker Earloop,A***s,nice one,5
Masker 3 ply Medis Masker Bedah Kemenkes 3ply isi 50pcs Merk Orlee - Masker Earloop,Hae,sesuai pesan,4
Masker 3 ply Medis Masker Bedah Kemenkes 3ply isi 50pcs Merk Orlee - Masker Earloop,M***i,barang rumah,4
Masker 3 ply Medis Masker Bedah Kemenkes 3ply isi 50pcs Merk Orlee - Masker Earloop,Achmad,proses nya cepat thanks gan,5
Masker 3 ply Medis Masker Bedah Kemenkes 3ply isi 50pcs Merk Orlee - Masker Earloop,M***r,barang sesuai pesan,5
Masker 3 ply Medis Masker Bedah Kemenkes 3ply isi 50pcs Merk Orlee - Masker Earloop,s***a,kirim nya cepat barang aman rusa,3
Masker Evo PlusMed 4d Medis - Putih,A***i,masker favorite senang beli official store jamin,5
Masker Evo PlusMed 4d Medis - Putih,L***a,packingan bagus rapi bubblewrap kirim cepat sesuai janji besok puas,5
Masker Evo PlusMed 4d Medis - Putih,cynthia,kualitas okpengiriman cepat bangetdapet cashback,5
Masker Evo PlusMed 4d Medis - Putih,B***k,barang sesuai pesan cepat,5
Masker Evo PlusMed 4d Medis - Putih,Novi,barang asli evorecomended,5
Masker Evo PlusMed 4d Medis - Putih,J***a,pesan masker warna hijau datang warna pink,2
Masker Evo PlusMed 4d Medis - Putih,G***i,order emas bagus cepat moga tambah warna cute ya,5
Masker Evo PlusMed 4d Medis - Putih,M***i,pilih no masker medis keluarga,3
Masker Evo PlusMed 4d Medis - Putih,Felix,packing fisik barang rapi safety terima kasih souvenir nya,4
Masker Evo PlusMed 4d Medis - Putih,Celine,bagus,5
SENSI - Convex Mask 4 Ply | Masker Earloop 4 Ply | Masker Sensi - Merah,J***a,langgan,5
SENSI - Convex Mask 4 Ply | Masker Earloop 4 Ply | Masker Sensi - Merah,Rita,suka rapat nyaman banget,5
SENSI - Convex Mask 4 Ply | Masker Earloop 4 Ply | Masker Sensi - Merah,Y***A,proses cepat respon jual ramah packaging rapi mantaapp,5
SENSI - Convex Mask 4 Ply | Masker Earloop 4 Ply | Masker Sensi - Merah,B***a,good quality percaya,5
SENSI - Convex Mask 4 Ply | Masker Earloop 4 Ply | Masker Sensi - Merah,Derry,kirim cepat bandung mantap,5
SENSI - Convex Mask 4 Ply | Masker Earloop 4 Ply | Masker Sensi - Merah,Firdaus,respon cepat packing rapi kirim barang sesuai,5
SENSI - Convex Mask 4 Ply | Masker Earloop 4 Ply | Masker Sensi - Merah,N***a,produk asli bungkus plastik segel mahal toko jamin kualitas,3
SENSI - Convex Mask 4 Ply | Masker Earloop 4 Ply | Masker Sensi - Merah,Denys,bagus,4
SENSI - Convex Mask 4 Ply | Masker Earloop 4 Ply | Masker Sensi - Merah,R***z,recomended,5
SENSI - Convex Mask 4 Ply | Masker Earloop 4 Ply | Masker Sensi - Merah,A***i,kirim nya cepat,5
Disposable Mask KN95 N95 Facemask Kesehatan Masker Wajah 5 Layer BNPB - EVO 1pcs,Nova,re order sekian kali mantap puas order,5
Disposable Mask KN95 N95 Facemask Kesehatan Masker Wajah 5 Layer BNPB - EVO 1pcs,A***d,barang terima terima kasih,5
Disposable Mask KN95 N95 Facemask Kesehatan Masker Wajah 5 Layer BNPB - EVO 1pcs,edduwar,barang baguz cepat,5
Disposable Mask KN95 N95 Facemask Kesehatan Masker Wajah 5 Layer BNPB - EVO 1pcs,Seindah,rugi beli toko rekomended,4
Disposable Mask KN95 N95 Facemask Kesehatan Masker Wajah 5 Layer BNPB - EVO 1pcs,A***s,tidak ada komentar,5
Disposable Mask KN95 N95 Facemask Kesehatan Masker Wajah 5 Layer BNPB - EVO 1pcs,David,mantul,5
Disposable Mask KN95 N95 Facemask Kesehatan Masker Wajah 5 Layer BNPB - EVO 1pcs,Anggia,bungkus plastik sealed debu kotor,3
Disposable Mask KN95 N95 Facemask Kesehatan Masker Wajah 5 Layer BNPB - EVO 1pcs,W***a,sipp beli,5
Disposable Mask KN95 N95 Facemask Kesehatan Masker Wajah 5 Layer BNPB - EVO 1pcs,M***d,manstap,5
Disposable Mask KN95 N95 Facemask Kesehatan Masker Wajah 5 Layer BNPB - EVO 1pcs,Edwin,barang terima,5
Goto Enviro 50 Pcs 3ply Facemask Masker Earloop Kesehatan - 50 pcs Rainbow,a***a,baik,5
Goto Enviro 50 Pcs 3ply Facemask Masker Earloop Kesehatan - 50 pcs Rainbow,dharma,tidak ada komentar,2
Goto Enviro 50 Pcs 3ply Facemask Masker Earloop Kesehatan - 50 pcs Rainbow,Lesmono,warna kalem pakai bini sesuai baju,5
Goto Enviro 50 Pcs 3ply Facemask Masker Earloop Kesehatan - 50 pcs Rainbow,s***i,toopp puuaass,5
Goto Enviro 50 Pcs 3ply Facemask Masker Earloop Kesehatan - 50 pcs Rainbow,S***i,barang sesuai pesan bagus kirim,5
Goto Enviro 50 Pcs 3ply Facemask Masker Earloop Kesehatan - 50 pcs Rainbow,Melani,bagus rapi foto langsung pakai tali gampang putus relatif sakit telinga terima kasih ya,3
Goto Enviro 50 Pcs 3ply Facemask Masker Earloop Kesehatan - 50 pcs Rainbow,Darwin,ok,4
Goto Enviro 50 Pcs 3ply Facemask Masker Earloop Kesehatan - 50 pcs Rainbow,SETIAWAN,packing rapi respon cepat,5
Goto Enviro 50 Pcs 3ply Facemask Masker Earloop Kesehatan - 50 pcs Rainbow,arief,mantap jiwa moga harga turun,5
Goto Enviro 50 Pcs 3ply Facemask Masker Earloop Kesehatan - 50 pcs Rainbow,arief,next order,5
Disposable Face Mask 50pcs / BOX Masker Wajah Kesehatan 3 Layer BNPB - Pack 10pcs,H***k,kualitas bagus abal,3
Disposable Face Mask 50pcs / BOX Masker Wajah Kesehatan 3 Layer BNPB - Pack 10pcs,d***i,rekomendasi kurir,2
Disposable Face Mask 50pcs / BOX Masker Wajah Kesehatan 3 Layer BNPB - Pack 10pcs,Rizki,langgan beli masker kualitas masker bagus kirim cepat harga affordable thank you,5
Disposable Face Mask 50pcs / BOX Masker Wajah Kesehatan 3 Layer BNPB - Pack 10pcs,Irfan,paket sesuai gambar skripsi kirim cepatrecomended seller,5
Disposable Face Mask 50pcs / BOX Masker Wajah Kesehatan 3 Layer BNPB - Pack 10pcs,Lupir,semenjak wabah landa beli masker medis toko rekomendasi banget terimakasih,5
Disposable Face Mask 50pcs / BOX Masker Wajah Kesehatan 3 Layer BNPB - Pack 10pcs,Mueeza,beda merk brgnya kes mudah an,4
Disposable Face Mask 50pcs / BOX Masker Wajah Kesehatan 3 Layer BNPB - Pack 10pcs,G***g,order pagi bada isya loh mantap pis terima kasih ya gan sukses lapak moga barokah,5
Disposable Face Mask 50pcs / BOX Masker Wajah Kesehatan 3 Layer BNPB - Pack 10pcs,Agit,box rapi packing rapi barang sesuai gambar seller respon customer,5
Disposable Face Mask 50pcs / BOX Masker Wajah Kesehatan 3 Layer BNPB - Pack 10pcs,H***k,mantap thanks,5
Disposable Face Mask 50pcs / BOX Masker Wajah Kesehatan 3 Layer BNPB - Pack 10pcs,S***a,tidak ada komentar,3
ONEMED - Masker Karet 3 Ply / Masker Non-Medis / Masker Earloop 3 ply - Putih,Z***i,barang bagus sesuai deskripsimakasih,5
ONEMED - Masker Karet 3 Ply / Masker Non-Medis / Masker Earloop 3 ply - Putih,M***M,order,4
ONEMED - Masker Karet 3 Ply / Masker Non-Medis / Masker Earloop 3 ply - Putih,Dimas,original tebal nyaman,5
ONEMED - Masker Karet 3 Ply / Masker Non-Medis / Masker Earloop 3 ply - Putih,Endah,ok banget,5
ONEMED - Masker Karet 3 Ply / Masker Non-Medis / Masker Earloop 3 ply - Putih,Adhi,tipis sih ragu banding type jenis ply ply,2
ONEMED - Masker Karet 3 Ply / Masker Non-Medis / Masker Earloop 3 ply - Putih,d***a,masker plastik masuk dus,3
ONEMED - Masker Karet 3 Ply / Masker Non-Medis / Masker Earloop 3 ply - Putih,D***g,paket komplit seller fast responramahbarang mantaprekomendasi baik deh belanja mantaf,4
ONEMED - Masker Karet 3 Ply / Masker Non-Medis / Masker Earloop 3 ply - Putih,Anggi,oke banget enak pakai cepat,5
ONEMED - Masker Karet 3 Ply / Masker Non-Medis / Masker Earloop 3 ply - Putih,A***s,overall produk ok nyaman pakai seharihari sayang packagingnya kardus penyok sisi segel rapi,4
ONEMED - Masker Karet 3 Ply / Masker Non-Medis / Masker Earloop 3 ply - Putih,Wiwit,masker sesuai hari enak pakai mudah napas cuman warna putih banget nerawangnya kayak tipis,3
KUKE Disposable Mask KN95 Facemask Kesehatan Masker Wajah 5 Layer BNPB - KN95 1pcs,Iwan,barang kondisi bagus kirim,5
KUKE Disposable Mask KN95 Facemask Kesehatan Masker Wajah 5 Layer BNPB - KN95 1pcs,J***o,barang bagus sesuai deskripsi,5
KUKE Disposable Mask KN95 Facemask Kesehatan Masker Wajah 5 Layer BNPB - KN95 1pcs,Rully,barang ok sesuai deskripsi kirim cepat,5
KUKE Disposable Mask KN95 Facemask Kesehatan Masker Wajah 5 Layer BNPB - KN95 1pcs,aan,puas bgtthank seller,5
KUKE Disposable Mask KN95 Facemask Kesehatan Masker Wajah 5 Layer BNPB - KN95 1pcs,M***d,mantap,5
KUKE Disposable Mask KN95 Facemask Kesehatan Masker Wajah 5 Layer BNPB - KN95 1pcs,Trian,mantap beli harga turun thanks,5
KUKE Disposable Mask KN95 Facemask Kesehatan Masker Wajah 5 Layer BNPB - KN95 1pcs,L***i,lumayan bagus harga murah,4
KUKE Disposable Mask KN95 Facemask Kesehatan Masker Wajah 5 Layer BNPB - KN95 1pcs,Ryan,kirim cepat barang sesuai,5
KUKE Disposable Mask KN95 Facemask Kesehatan Masker Wajah 5 Layer BNPB - KN95 1pcs,Hendry,tidak ada komentar,5
KUKE Disposable Mask KN95 Facemask Kesehatan Masker Wajah 5 Layer BNPB - KN95 1pcs,Eleonora,kirim cepat admin ramah,5
C care Duckbill 3D Stereo 3 Ply Isi 50 Pcs Masker Duckbill Import - - Hitam,i***d,barang sesuai deskripsi kirim cepat banget,5
C care Duckbill 3D Stereo 3 Ply Isi 50 Pcs Masker Duckbill Import - - Hitam,J***n,bagus,5
C care Duckbill 3D Stereo 3 Ply Isi 50 Pcs Masker Duckbill Import - - Hitam,I***I,kirim cepat respon jual oke,5
C care Duckbill 3D Stereo 3 Ply Isi 50 Pcs Masker Duckbill Import - - Hitam,Risca,masker tipis ya bunda,2
C care Duckbill 3D Stereo 3 Ply Isi 50 Pcs Masker Duckbill Import - - Hitam,ruth,baguss murah,5
C care Duckbill 3D Stereo 3 Ply Isi 50 Pcs Masker Duckbill Import - - Hitam,Nanda,sesuai cepat,5
C care Duckbill 3D Stereo 3 Ply Isi 50 Pcs Masker Duckbill Import - - Hitam,ijah,tidak ada komentar,5
C care Duckbill 3D Stereo 3 Ply Isi 50 Pcs Masker Duckbill Import - - Hitam,Oppie,terima kasih,5
C care Duckbill 3D Stereo 3 Ply Isi 50 Pcs Masker Duckbill Import - - Hitam,Hargianto,tidak ada komentar,5
C care Duckbill 3D Stereo 3 Ply Isi 50 Pcs Masker Duckbill Import - - Hitam,Syafaun,layan toko produk bagus,5
Masker KN95 Alkindo Masker Medis 5ply 1 Box 10 pcs - Masker Kesehatan - Putih,yuyun,baguuss sesuai rapi kemas,5
Masker KN95 Alkindo Masker Medis 5ply 1 Box 10 pcs - Masker Kesehatan - Putih,L***a,ukur karet besar muka kadang masker merosot,3
Masker KN95 Alkindo Masker Medis 5ply 1 Box 10 pcs - Masker Kesehatan - Putih,H***y,bagus boxnya,5
Masker KN95 Alkindo Masker Medis 5ply 1 Box 10 pcs - Masker Kesehatan - Putih,L***y,ok banget kualitas proses,5
Masker KN95 Alkindo Masker Medis 5ply 1 Box 10 pcs - Masker Kesehatan - Putih,Ridwan,for nonmedical use its ok deskripsi sesuai asli,4
Masker KN95 Alkindo Masker Medis 5ply 1 Box 10 pcs - Masker Kesehatan - Putih,Duarte,kualitas masker jelek masker bolong jahit isi ply kalo jual bos,2
Masker KN95 Alkindo Masker Medis 5ply 1 Box 10 pcs - Masker Kesehatan - Putih,M***a,size telinga,1
Masker KN95 Alkindo Masker Medis 5ply 1 Box 10 pcs - Masker Kesehatan - Putih,Anandya,masker bagus kecil wajah,3
Masker KN95 Alkindo Masker Medis 5ply 1 Box 10 pcs - Masker Kesehatan - Putih,Leksono,kirim bagus barang sesuai,4
Masker KN95 Alkindo Masker Medis 5ply 1 Box 10 pcs - Masker Kesehatan - Putih,Zihan,lumanyan,5
Disposable Face Mask 50pcs/BOX Masker Wajah Kesehatan 3 Layer BNPB - Pack 10pcs,w***y,mantap,5
Disposable Face Mask 50pcs/BOX Masker Wajah Kesehatan 3 Layer BNPB - Pack 10pcs,M,barang cepat estimasi seller responsif packaging oke barang lengkap utuh terima kasih,5
Disposable Face Mask 50pcs/BOX Masker Wajah Kesehatan 3 Layer BNPB - Pack 10pcs,D***y,mantul fast respon kirim cepat,5
Disposable Face Mask 50pcs/BOX Masker Wajah Kesehatan 3 Layer BNPB - Pack 10pcs,Jack,sesuai foto kualitas bagus banget range harga langgan deh,5
Disposable Face Mask 50pcs/BOX Masker Wajah Kesehatan 3 Layer BNPB - Pack 10pcs,warham,langgan cuman mesan kemarin lumayan tunda hari kirim,4
Disposable Face Mask 50pcs/BOX Masker Wajah Kesehatan 3 Layer BNPB - Pack 10pcs,warham,mantap pesan,5
Disposable Face Mask 50pcs/BOX Masker Wajah Kesehatan 3 Layer BNPB - Pack 10pcs,novaris,respon cepat kirim kilat barang sesuai mantaps,5
Disposable Face Mask 50pcs/BOX Masker Wajah Kesehatan 3 Layer BNPB - Pack 10pcs,D***t,mantap beli,5
Disposable Face Mask 50pcs/BOX Masker Wajah Kesehatan 3 Layer BNPB - Pack 10pcs,A***i,proses cepatproduct sesuai,5
Disposable Face Mask 50pcs/BOX Masker Wajah Kesehatan 3 Layer BNPB - Pack 10pcs,P***t,kirim cepatmakasih,5
Masker Kesehatan 3ply Earloop isi 50 pcs,Halalova,kirim cepat barang bagus,5
Masker Kesehatan 3ply Earloop isi 50 pcs,H***y,barang selamat packing rapi kirim cepat kurrir ramah seller fast respon recommended pokok nya,5
Masker Kesehatan 3ply Earloop isi 50 pcs,Anggit,langgan masker mantap,5
Masker Kesehatan 3ply Earloop isi 50 pcs,HARIS,barang mantap respon cepattoko recommended belanja pesan langusng dikirimbelanja nya,5
Masker Kesehatan 3ply Earloop isi 50 pcs,G***u,fast respon order jm sore langsung kirim pakai gosend,5
Masker Kesehatan 3ply Earloop isi 50 pcs,FAJARNO,belanja pokok mantap,5
Masker Kesehatan 3ply Earloop isi 50 pcs,S***n,mantap kali,5
Masker Kesehatan 3ply Earloop isi 50 pcs,sugiarti,kirim cepat bareng sesuai pic tq,5
Masker Kesehatan 3ply Earloop isi 50 pcs,Kadek,good,5
Masker Kesehatan 3ply Earloop isi 50 pcs,John,barang sesuai tawar,5
Masker Karet Pink OneMed box 50pcs,H***l,proses cepat barang sesuai deskripsi packing box bubble wrap,5
Masker Karet Pink OneMed box 50pcs,Y***a,kali beli mantap cepat,5
Masker Karet Pink OneMed box 50pcs,R***s,emas bagus banget sip terima kasih,5
Masker Karet Pink OneMed box 50pcs,N***h,kaliny beli kirim cepat barang oke segel on recommended,5
Masker Karet Pink OneMed box 50pcs,M***r,admin nya ramah ditanyain ditawarin cancel barang kalo produk sih bagus orisinal aman toko keramean kali ya nya suruh cancel konsumen nya jual tingkat service nya,5
Masker Karet Pink OneMed box 50pcs,Enjel,bagus sip,5
Masker Karet Pink OneMed box 50pcs,H***o,fast respon packaging bagus tq,5
Masker Karet Pink OneMed box 50pcs,Dwi,puass banget masker onemed kualitas,5
Masker Karet Pink OneMed box 50pcs,M***t,late delivery brng ok,5
Masker Karet Pink OneMed box 50pcs,reredyah,sesuai,5
Masker 3M Nexcare N95 KN95 9501 - 3M 9501 Import,r***n,emas cepat masker andal pesawat bonus masker lumayan thank you seller,5
Masker 3M Nexcare N95 KN95 9501 - 3M 9501 Import,Moedji,barang bagus packingnya topmarkotop alias mantul puas minggu beli bonus tambah ya thanks,5
Masker 3M Nexcare N95 KN95 9501 - 3M 9501 Import,r***n,barang cepat recommended seller masker kf mmasker nya ketat aman sakit telinga pakai jam thankyou bonus seller,5
Masker 3M Nexcare N95 KN95 9501 - 3M 9501 Import,L***a,niatt banget vacum beli suka banget,5
Masker 3M Nexcare N95 KN95 9501 - 3M 9501 Import,r***n,cepat toko percaya beli masker mmakasih bonus pouch masker,5
Masker 3M Nexcare N95 KN95 9501 - 3M 9501 Import,Dhita,beli kali packing mantab masker asli tani terbang jam sukses sehat,5
Masker 3M Nexcare N95 KN95 9501 - 3M 9501 Import,S***l,ok,5
Masker 3M Nexcare N95 KN95 9501 - 3M 9501 Import,A***i,beda pesan nampaknya import china bonus beli auto star thank youu gann,5
Masker 3M Nexcare N95 KN95 9501 - 3M 9501 Import,M***l,pesan cepat proses sayang kurir banget packing rapi aman free pouch masker terima kasih,5
Masker 3M Nexcare N95 KN95 9501 - 3M 9501 Import,Bambang,very fast response barang ok banget good job,5
Facemask 50s / BOX Masker Wajah Kesehatan 3ply / Masker Mulut BNPB - Pack 10pcs,Arif,mantab bossku terimakasih,5
Facemask 50s / BOX Masker Wajah Kesehatan 3ply / Masker Mulut BNPB - Pack 10pcs,Reza,sesuai pict barang bagus,5
Facemask 50s / BOX Masker Wajah Kesehatan 3ply / Masker Mulut BNPB - Pack 10pcs,Syahrul,masker terima terima kasih,5
Facemask 50s / BOX Masker Wajah Kesehatan 3ply / Masker Mulut BNPB - Pack 10pcs,Bayu,belanja toko cepat kirim packing rapi kualitas barang sesuai deskripsi,5
Facemask 50s / BOX Masker Wajah Kesehatan 3ply / Masker Mulut BNPB - Pack 10pcs,Alam,murah murah cucu suka pakai nya,5
Facemask 50s / BOX Masker Wajah Kesehatan 3ply / Masker Mulut BNPB - Pack 10pcs,NURHASANAH,fast respon kirim cepat sayang box khusus hijab penyok penyok sobek kasih note terang box lipat sajakrn jual pakai bagus box nya,5
Facemask 50s / BOX Masker Wajah Kesehatan 3ply / Masker Mulut BNPB - Pack 10pcs,Y***a,bareng sesuai,5
Facemask 50s / BOX Masker Wajah Kesehatan 3ply / Masker Mulut BNPB - Pack 10pcs,Andi,cepat dkrm dterima kondisi bagus packing bagus rapi cepat everything is good puass deh puas,5
Facemask 50s / BOX Masker Wajah Kesehatan 3ply / Masker Mulut BNPB - Pack 10pcs,Chandra,produk bagus sesuai pesan thanks,5
Facemask 50s / BOX Masker Wajah Kesehatan 3ply / Masker Mulut BNPB - Pack 10pcs,Jhon,pesan box hijab box model hijab,5
Masker Karet Putih 3 Ply Daily Use Onemed Box Isi 50 Pcs,Luke,masak debu masuk masker hari,3
Masker Karet Putih 3 Ply Daily Use Onemed Box Isi 50 Pcs,Densi,tipis banding,2
Masker Karet Putih 3 Ply Daily Use Onemed Box Isi 50 Pcs,H***h,tipis banget masker beda onemed warna putih tipis,2
Masker Karet Putih 3 Ply Daily Use Onemed Box Isi 50 Pcs,Shandyka,quantitas sesuai pesan kemas box langsung masker masker bungkus plastik enak pakai masker terimakasih layan cepat,5
Masker Karet Putih 3 Ply Daily Use Onemed Box Isi 50 Pcs,D,joss wes,5
Masker Karet Putih 3 Ply Daily Use Onemed Box Isi 50 Pcs,Astri,bagus barang segel utuh bubble wrap kasih biar aman isi nytrima kasih,5
Masker Karet Putih 3 Ply Daily Use Onemed Box Isi 50 Pcs,Suci,kali beli masker puas kirim barang recomended,5
Masker Karet Putih 3 Ply Daily Use Onemed Box Isi 50 Pcs,Rani,tidak ada komentar,3
Masker Karet Putih 3 Ply Daily Use Onemed Box Isi 50 Pcs,Cipta,seller bintang,5
Masker Karet Putih 3 Ply Daily Use Onemed Box Isi 50 Pcs,Dafit,barang terima kasih,5
masker kf94 pink 4ply masker antivirus kesehatan isi 10pcs,Andy,olshop percaya barang sesuai pesan,5
masker kf94 pink 4ply masker antivirus kesehatan isi 10pcs,Ineu,baguss,5
masker kf94 pink 4ply masker antivirus kesehatan isi 10pcs,N***i,okee thankyou seller,5
masker kf94 pink 4ply masker antivirus kesehatan isi 10pcs,Javirus,sesuai pcs pengirimn cepat terima kasih seller,5
masker kf94 pink 4ply masker antivirus kesehatan isi 10pcs,Wahyu,siip,5
masker kf94 pink 4ply masker antivirus kesehatan isi 10pcs,Muji,proses puas barang kirim,5
masker kf94 pink 4ply masker antivirus kesehatan isi 10pcs,s***y,bonus,5
masker kf94 pink 4ply masker antivirus kesehatan isi 10pcs,T***r,cepat mantap,5
masker kf94 pink 4ply masker antivirus kesehatan isi 10pcs,widhi,cepat kirim,5
masker kf94 pink 4ply masker antivirus kesehatan isi 10pcs,Senny,tidak ada komentar,5
Disposable Mask KN95 Facemask Kesehatan Masker Wajah 5 Layer BNPB,Heri,alhamdulillah sesuai pesan barang bagus,5
Disposable Mask KN95 Facemask Kesehatan Masker Wajah 5 Layer BNPB,Toni,barang sesuai peaanan,5
Disposable Mask KN95 Facemask Kesehatan Masker Wajah 5 Layer BNPB,M***r,cerita beli pcs dikotakin kes bunafit ply sayang kwalitas premium,5
Disposable Mask KN95 Facemask Kesehatan Masker Wajah 5 Layer BNPB,R***n,brng nya dngn sesuai pesan bahan nya bagus sek napas nya makasihh,5
Disposable Mask KN95 Facemask Kesehatan Masker Wajah 5 Layer BNPB,AFRODI,masker lumayan bagus besi tempel maksimal,5
Disposable Mask KN95 Facemask Kesehatan Masker Wajah 5 Layer BNPB,Melina,beli kedau barang ok,5
Disposable Mask KN95 Facemask Kesehatan Masker Wajah 5 Layer BNPB,Alex,cepat komplit top,5
Disposable Mask KN95 Facemask Kesehatan Masker Wajah 5 Layer BNPB,Aris,mantull,5
Disposable Mask KN95 Facemask Kesehatan Masker Wajah 5 Layer BNPB,Sekardewi,pesan plastik masker plastik masker masker,4
Disposable Mask KN95 Facemask Kesehatan Masker Wajah 5 Layer BNPB,Endang,kirim cepat barang sesuai foto kurir ramah,5
Masker KF94 4 Ply Isi 10 Pcs Masker Medis Kesehatan Kemasan Plastik - Putih,Usep,okeehh,5
Masker KF94 4 Ply Isi 10 Pcs Masker Medis Kesehatan Kemasan Plastik - Putih,Stephanus,dua kali beli sayang lambat respon order pagi kirim sore respon respon itu kirim besok barang bagus sesuai harga,5
Masker KF94 4 Ply Isi 10 Pcs Masker Medis Kesehatan Kemasan Plastik - Putih,Rahmat,barang sesuai minta bagus komunikasi jual beli pro aktif,5
Masker KF94 4 Ply Isi 10 Pcs Masker Medis Kesehatan Kemasan Plastik - Putih,Alden,bagus masker,5
Masker KF94 4 Ply Isi 10 Pcs Masker Medis Kesehatan Kemasan Plastik - Putih,Husin,barang sesuai pesan,5
Masker KF94 4 Ply Isi 10 Pcs Masker Medis Kesehatan Kemasan Plastik - Putih,Febby,panas pakai,3
Masker KF94 4 Ply Isi 10 Pcs Masker Medis Kesehatan Kemasan Plastik - Putih,n***l,proses barang jemput kurir banget anjas pokok,5
Masker KF94 4 Ply Isi 10 Pcs Masker Medis Kesehatan Kemasan Plastik - Putih,Heni,pengirimn cepat produk bagus konsumen suka makasih,5
Masker KF94 4 Ply Isi 10 Pcs Masker Medis Kesehatan Kemasan Plastik - Putih,Yati,bagus kirim cepat,5
Masker KF94 4 Ply Isi 10 Pcs Masker Medis Kesehatan Kemasan Plastik - Putih,Husin,barang sesuai pesan kirim cepat,5
Softies Surgical Mask 30s isi 30 Masker Medis (spt Sensi Nexcare 3M),l***h,layan bagusseller ramah cepat reply chatdan kirim cepat buka dusnyarecommemded,5
Softies Surgical Mask 30s isi 30 Masker Medis (spt Sensi Nexcare 3M),M***M,packingnya rapi bagus barang sesuai,5
Softies Surgical Mask 30s isi 30 Masker Medis (spt Sensi Nexcare 3M),Agung,kirim cepat packing kardus,5
Softies Surgical Mask 30s isi 30 Masker Medis (spt Sensi Nexcare 3M),D***q,barang terima terima kasih,5
Softies Surgical Mask 30s isi 30 Masker Medis (spt Sensi Nexcare 3M),Haernudin,mantap thanks,5
Softies Surgical Mask 30s isi 30 Masker Medis (spt Sensi Nexcare 3M),D***n,cepat akurat,5
Softies Surgical Mask 30s isi 30 Masker Medis (spt Sensi Nexcare 3M),R***l,original recommended seller,5
Softies Surgical Mask 30s isi 30 Masker Medis (spt Sensi Nexcare 3M),Andriana,pengirimannyamantul gan,5
Softies Surgical Mask 30s isi 30 Masker Medis (spt Sensi Nexcare 3M),Andreas,packing rapi cepat,5
Softies Surgical Mask 30s isi 30 Masker Medis (spt Sensi Nexcare 3M),L***y,barang sesuai tawar,5
MIISOO Disposable N95 KN95 Korea KF94 Masker Kesehatan masker evo 4ply - EVO 1pcs,J***r,good product and fast response,5
MIISOO Disposable N95 KN95 Korea KF94 Masker Kesehatan masker evo 4ply - EVO 1pcs,yuri,tq,5
MIISOO Disposable N95 KN95 Korea KF94 Masker Kesehatan masker evo 4ply - EVO 1pcs,Kezia,puass order,5
MIISOO Disposable N95 KN95 Korea KF94 Masker Kesehatan masker evo 4ply - EVO 1pcs,M***i,baguss,5
MIISOO Disposable N95 KN95 Korea KF94 Masker Kesehatan masker evo 4ply - EVO 1pcs,S***i,masker tipe kf,5
MIISOO Disposable N95 KN95 Korea KF94 Masker Kesehatan masker evo 4ply - EVO 1pcs,Andin,barang aman coba moga nyaman pakai,5
MIISOO Disposable N95 KN95 Korea KF94 Masker Kesehatan masker evo 4ply - EVO 1pcs,endang,barang sesuai deskripsi harga jangkau fast respon,5
MIISOO Disposable N95 KN95 Korea KF94 Masker Kesehatan masker evo 4ply - EVO 1pcs,Fikri,better ya,4
MIISOO Disposable N95 KN95 Korea KF94 Masker Kesehatan masker evo 4ply - EVO 1pcs,Wiggo,packing oke pakai dus tambah,5
MIISOO Disposable N95 KN95 Korea KF94 Masker Kesehatan masker evo 4ply - EVO 1pcs,S***n,kualitas lumayan,4
THANKFUL - Masker Headloop Anak 4 Ply | Masker Anak Karet | Face Mask,Ninna,beli menurit masker lembut nyaman masker beli karet kuat gampang putus ikin sek cocok banget banget anak sayang harga lumayan moga diskon ya,5
THANKFUL - Masker Headloop Anak 4 Ply | Masker Anak Karet | Face Mask,Fabiola,beli rising,5
THANKFUL - Masker Headloop Anak 4 Ply | Masker Anak Karet | Face Mask,S***a,bagus kualitas pakcagin aman lembut anak,5
THANKFUL - Masker Headloop Anak 4 Ply | Masker Anak Karet | Face Mask,Benny,terima kasih gan barang terima bahan lembut kirim cepat,5
THANKFUL - Masker Headloop Anak 4 Ply | Masker Anak Karet | Face Mask,H***i,faste respond,5
THANKFUL - Masker Headloop Anak 4 Ply | Masker Anak Karet | Face Mask,m***i,bahan halus banget halus merek sih,5
THANKFUL - Masker Headloop Anak 4 Ply | Masker Anak Karet | Face Mask,Bony,packing rapi,5
THANKFUL - Masker Headloop Anak 4 Ply | Masker Anak Karet | Face Mask,Novi,bagus cepat,5
THANKFUL - Masker Headloop Anak 4 Ply | Masker Anak Karet | Face Mask,resty,packing rapi kualitas oke,5
THANKFUL - Masker Headloop Anak 4 Ply | Masker Anak Karet | Face Mask,Chardova,produk original sesuai deskripsi kirim cepat harga produk respon jual,5
Nexcare 3M Masker 3 Lapis Earloop 3 Ply Daily Mask - 1 Box (36 Masker),Handana,kemas rapi,5
Nexcare 3M Masker 3 Lapis Earloop 3 Ply Daily Mask - 1 Box (36 Masker),F***i,asa tipis indmret indmret ply yasoalnya kalo kesana beli nexcare,3
Nexcare 3M Masker 3 Lapis Earloop 3 Ply Daily Mask - 1 Box (36 Masker),n***a,beli box bonus kf kirimminta produk foto proses complain bonus foto produk,4
Nexcare 3M Masker 3 Lapis Earloop 3 Ply Daily Mask - 1 Box (36 Masker),W***m,produk bagus original kirim cepat,5
Nexcare 3M Masker 3 Lapis Earloop 3 Ply Daily Mask - 1 Box (36 Masker),Elike,packing amburadul dus masker penyok penyok nya dus nyasampai buka isolasi,2
Nexcare 3M Masker 3 Lapis Earloop 3 Ply Daily Mask - 1 Box (36 Masker),J***y,sih packingnya bagus kali pesan dus penyok untung dalem plastik,3
Nexcare 3M Masker 3 Lapis Earloop 3 Ply Daily Mask - 1 Box (36 Masker),A***t,thanks barang terima,5
Nexcare 3M Masker 3 Lapis Earloop 3 Ply Daily Mask - 1 Box (36 Masker),Z***n,mantapss,5
Nexcare 3M Masker 3 Lapis Earloop 3 Ply Daily Mask - 1 Box (36 Masker),I***n,top,5
Nexcare 3M Masker 3 Lapis Earloop 3 Ply Daily Mask - 1 Box (36 Masker),Y***i,packing rapipesanan sesuai,5
Baru! Masker Kain Airycool 3D Dewasa Anti Mikrobial dan Air (10 pcs) - Kids White,I***a,barang bagus recommended banget,5
Baru! Masker Kain Airycool 3D Dewasa Anti Mikrobial dan Air (10 pcs) - Kids White,a***s,produk kualitas manfaat mari jaga virus covid tks,5
Baru! Masker Kain Airycool 3D Dewasa Anti Mikrobial dan Air (10 pcs) - Kids White,Y***z,size bahan ok,5
Baru! Masker Kain Airycool 3D Dewasa Anti Mikrobial dan Air (10 pcs) - Kids White,N***a,bagus bahan sukaa,5
Baru! Masker Kain Airycool 3D Dewasa Anti Mikrobial dan Air (10 pcs) - Kids White,a***s,produk manfaat kualitas anakanak mari jaga pandemi covid,5
Baru! Masker Kain Airycool 3D Dewasa Anti Mikrobial dan Air (10 pcs) - Kids White,n***a,banget ukurannyaselalu cocok masker sritexgood quality,5
Baru! Masker Kain Airycool 3D Dewasa Anti Mikrobial dan Air (10 pcs) - Kids White,Medyarti,kirim supeer cepat order subuh malam kemas rapi banget pakai bubble warp kotak masker tebal sesuai gambar puaas banget layan,5
Baru! Masker Kain Airycool 3D Dewasa Anti Mikrobial dan Air (10 pcs) - Kids White,Tutiek,bagus moga tali awet,5
Baru! Masker Kain Airycool 3D Dewasa Anti Mikrobial dan Air (10 pcs) - Kids White,Hery,ok,5
Baru! Masker Kain Airycool 3D Dewasa Anti Mikrobial dan Air (10 pcs) - Kids White,Aan,respon cepat malam order siang mantap,5
Face Mask Earloop 50pcs Masker mulut/ Masker Wajah Kesehatan 3ply BNPB - Pack 10pcs,Revan,thanks sesuai ekspetasi beli,5
Face Mask Earloop 50pcs Masker mulut/ Masker Wajah Kesehatan 3ply BNPB - Pack 10pcs,dunia,bagus layan cepat,4
Face Mask Earloop 50pcs Masker mulut/ Masker Wajah Kesehatan 3ply BNPB - Pack 10pcs,Asib,barang nya sesuai pesan terima kasih toped,5
Face Mask Earloop 50pcs Masker mulut/ Masker Wajah Kesehatan 3ply BNPB - Pack 10pcs,V***a,kirim packing amanseller responsif deh beli kaliterima kasih,5
Face Mask Earloop 50pcs Masker mulut/ Masker Wajah Kesehatan 3ply BNPB - Pack 10pcs,Ariel,responsif barang cepat packing rapi muas terima kasih gan,5
Face Mask Earloop 50pcs Masker mulut/ Masker Wajah Kesehatan 3ply BNPB - Pack 10pcs,t***a,produk selamat barang bagus packingan lumayan aman mohon tingkat packingan terima kasih,5
Face Mask Earloop 50pcs Masker mulut/ Masker Wajah Kesehatan 3ply BNPB - Pack 10pcs,Ariyanto,merk dus masker merk kualitas ya masker merk pakai buka langsung putus tali,3
Face Mask Earloop 50pcs Masker mulut/ Masker Wajah Kesehatan 3ply BNPB - Pack 10pcs,SOFYAN,keren,5
Face Mask Earloop 50pcs Masker mulut/ Masker Wajah Kesehatan 3ply BNPB - Pack 10pcs,Lucky,order pagi sore pakai gratis ongkir sameday barang bagus sesuai harga,5
Face Mask Earloop 50pcs Masker mulut/ Masker Wajah Kesehatan 3ply BNPB - Pack 10pcs,I***n,bagus tipis beli selisih ribu doang,4
Goto Disposable Mask KN 95 Facemask 5Ply Earloop Masker KN95 5 Ply - 10 pcs,T***o,tali nya sakit kuping pakai lama,1
Goto Disposable Mask KN 95 Facemask 5Ply Earloop Masker KN95 5 Ply - 10 pcs,Anisah,masker tali sakit dikupingmantap,4
Goto Disposable Mask KN 95 Facemask 5Ply Earloop Masker KN95 5 Ply - 10 pcs,Rizal,terima kasih,5
Goto Disposable Mask KN 95 Facemask 5Ply Earloop Masker KN95 5 Ply - 10 pcs,Fitria,bagus dalem plastik moga aman,5
Goto Disposable Mask KN 95 Facemask 5Ply Earloop Masker KN95 5 Ply - 10 pcs,R***a,service bagus delivery,5
Goto Disposable Mask KN 95 Facemask 5Ply Earloop Masker KN95 5 Ply - 10 pcs,Taufiq,barang terima,5
Goto Disposable Mask KN 95 Facemask 5Ply Earloop Masker KN95 5 Ply - 10 pcs,T***h,murah kualitas dipakenya enak,5
Goto Disposable Mask KN 95 Facemask 5Ply Earloop Masker KN95 5 Ply - 10 pcs,Beta,paket terima oke respon seller cepat proses pesan cepat kualitas oke sesuai gambar pesan terima kasih moga sukses,5
Goto Disposable Mask KN 95 Facemask 5Ply Earloop Masker KN95 5 Ply - 10 pcs,Syarizal,kirim cepatmantapp,5
Goto Disposable Mask KN 95 Facemask 5Ply Earloop Masker KN95 5 Ply - 10 pcs,Cecep,kualitas bagus recommended,5
Madame Gie Protect You KN95 Mask - Masker Kesehatan,A***i,kaget kemas sesuai bayang beli hrga kejar diskon kalo hrga normal rapi ya ribu banding ribu by the way terima kasih masker kakak,5
Madame Gie Protect You KN95 Mask - Masker Kesehatan,S***a,sesuai deskripsi,5
Madame Gie Protect You KN95 Mask - Masker Kesehatan,C***a,terima,5
Madame Gie Protect You KN95 Mask - Masker Kesehatan,Afrizal,kayak masker jenis merkembossed ati teman tipu merk nya,2
Madame Gie Protect You KN95 Mask - Masker Kesehatan,M***i,thanks gan barang,5
Madame Gie Protect You KN95 Mask - Masker Kesehatan,Ramadhan,barang bagus sampai cepat bungkus aman,5
Madame Gie Protect You KN95 Mask - Masker Kesehatan,ANTON,ok,5
Madame Gie Protect You KN95 Mask - Masker Kesehatan,Joko,tidak ada komentar,5
Madame Gie Protect You KN95 Mask - Masker Kesehatan,ANTON,mantab,5
Madame Gie Protect You KN95 Mask - Masker Kesehatan,Maria,nya sesuai ekspektasi dipacking masker pesan toko packing aman rapi,5
Buy 1 Get 1 - Masker Primero - Sachet,A***g,kualitas barang kirim cepat nya,5
Buy 1 Get 1 - Masker Primero - Sachet,Ayu,good produk kemas higienis pcs masker plastik kirim cepat kualitas ok,5
Buy 1 Get 1 - Masker Primero - Sachet,a***a,deskripsi produk sesuai terima iram slow respon kotak penyok bubble wrap kotak masker tipis,5
Buy 1 Get 1 - Masker Primero - Sachet,M***y,top keren,5
Buy 1 Get 1 - Masker Primero - Sachet,M***l,parahini masker hargany overpersis harga ribu dus official store tokopedia selektif barang mutu over price masker sertifikasi daily maskdijual harga surgical mask,2
Buy 1 Get 1 - Masker Primero - Sachet,a***a,barang kirim sesuai deskripsi tera ijin kemenkes tanggal exp date kotak kirim pesan kotak penyok packing masuk dus untung lindung bubble wrap,3
Buy 1 Get 1 - Masker Primero - Sachet,Teguh,kotak penyok sana mngkn expediai,2
Buy 1 Get 1 - Masker Primero - Sachet,F***a,barang sesuai kualitas kardus penyok next time order kalo promo tarik banyak promonya,3
Buy 1 Get 1 - Masker Primero - Sachet,N***a,harga promo murah kirim promo,4
Buy 1 Get 1 - Masker Primero - Sachet,G***g,proses kirim sabar ya temanteman beli paket cuman bubble wrap penyok enggak apa isi packagingnya pcs sealed aman kualitas masker coba pakai merk beli minimarket bagus kualitas,2
Masker KN95 Mouson Pro isi 10pcs - MOUSONPRO WHITE,F***r,barang cepat sampai sesuai pesanan ,4
Masker KN95 Mouson Pro isi 10pcs - MOUSONPRO WHITE, imam, pengiriman cepat dan rapih terima kasih  smiling face with sunglasses ,5
Masker KN95 Mouson Pro isi 10pcs - MOUSONPRO WHITE, CeramicsNusa, barang sudah sampai  barang bagus ,5
Masker KN95 Mouson Pro isi 10pcs - MOUSONPRO WHITE,B***o,  produk sesuai diskripsi  masker nyaman dipakai  sangat cocok utk wajah yang lebar  respon penjual bagus  terima kasih,5
Masker KN95 Mouson Pro isi 10pcs - MOUSONPRO WHITE, Rizky, dalemnya warna hitam  padahal sebel beli udah nanya dan kata seller putih  seller nawarin retur tp ya percuma semua dalemnya hitam,2
Masker KN95 Mouson Pro isi 10pcs - MOUSONPRO WHITE, Michael, barang dikirim kurang namun setelah komplain langsung dikirim terbaik lahh,5
Masker KN95 Mouson Pro isi 10pcs - MOUSONPRO WHITE, Muljadi, barang dan warna sesuai pesanan  ada bonus 5 buah  thumbs up  thumbs up  thumbs up  thumbs up ,5
Masker KN95 Mouson Pro isi 10pcs - MOUSONPRO WHITE, D***y,respon cepat  kurir cepat  packing plastik  produk sdh request yg mouson 2023  putih diksh mouson biasa uk nya kan berbeda ,5
Masker KN95 Mouson Pro isi 10pcs - MOUSONPRO WHITE, I***S, ternyata lbh kecil dr yg biasa sy beli,2
Masker KN95 Mouson Pro isi 10pcs - MOUSONPRO WHITE, P***r, barang sesuai  response pengiriman cepat,5
Shumu Masker Duckbill 4ply Earloop 4 ply Sensi Garis Hidung isi 10 pcs - KEA DB BLACK, H, kualitas barang baik  layanan dan pengiriman juga baik dan cepat  recommended ,5
Shumu Masker Duckbill 4ply Earloop 4 ply Sensi Garis Hidung isi 10 pcs - KEA DB BLACK, al, good and thanks,5
Shumu Masker Duckbill 4ply Earloop 4 ply Sensi Garis Hidung isi 10 pcs - KEA DB BLACK, s***a, pengirimannya super lemot pake ant aj,1
Shumu Masker Duckbill 4ply Earloop 4 ply Sensi Garis Hidung isi 10 pcs - KEA DB BLACK, Rizky, sesuai pesanan,5
Shumu Masker Duckbill 4ply Earloop 4 ply Sensi Garis Hidung isi 10 pcs - KEA DB BLACK, F***i, barangnya sudah sampai makasih semoga sukses,5
Shumu Masker Duckbill 4ply Earloop 4 ply Sensi Garis Hidung isi 10 pcs - KEA DB BLACK, A***o, okee ,5
Shumu Masker Duckbill 4ply Earloop 4 ply Sensi Garis Hidung isi 10 pcs - KEA DB BLACK, Iga, ini pembelian kedua saya  krn barangnya memuaskan dan sesuai dgn deskripsi yg diinfokan toko,5
Shumu Masker Duckbill 4ply Earloop 4 ply Sensi Garis Hidung isi 10 pcs - KEA DB BLACK, E***n, pengeringan cepat  sesuai pesanan  packing aman  terimakasih,5
Shumu Masker Duckbill 4ply Earloop 4 ply Sensi Garis Hidung isi 10 pcs - KEA DB BLACK, L***i, packing aman  masker sesuai pesanan  de best lah belanja disini,5
Shumu Masker Duckbill 4ply Earloop 4 ply Sensi Garis Hidung isi 10 pcs - KEA DB BLACK, Y***s, barang yg dtng sesuai dengan yg di foto bagus mantab,5
Masker bedah karet onemed hitam medis all black 3ply isi 25pcs, R***n, baguss   dipake nyaman  mureh meriah,5
Masker bedah karet onemed hitam medis all black 3ply isi 25pcs, A***a, admin respon cepat  pengiriman cepat   diterima kondisi baik  terima kasih ,5
Masker bedah karet onemed hitam medis all black 3ply isi 25pcs, Agung, recommended product and seller  thank you,5
Masker bedah karet onemed hitam medis all black 3ply isi 25pcs, Mbako, barang sdh diterima dg baik  tk,5
Masker bedah karet onemed hitam medis all black 3ply isi 25pcs, R***i, bagus,5
Masker bedah karet onemed hitam medis all black 3ply isi 25pcs, M***d, paking yahud  box nya msh utuh  segel msh ok ,5
Masker bedah karet onemed hitam medis all black 3ply isi 25pcs, A***e, barang di retur duit tidak dikembalikan,2
Masker bedah karet onemed hitam medis all black 3ply isi 25pcs, Y***f, bahannya tipis banget kaya tisu  najis,1
Masker bedah karet onemed hitam medis all black 3ply isi 25pcs, lawyer, barang tidak sesuai yang dibilang sama dengan gambar  tak sesuai deskripsi ,1
Masker bedah karet onemed hitam medis all black 3ply isi 25pcs, Sofyan, maskernya bagus  bahan lembut dan tebal  mksh,5
[ KEA ] MASKER KN95 6PLY PREMIUM ISI 10 PCS KOREA DESIGN KN 95 WARNA - Putih, V***r,seller responsif  barang sesuai deskripsi  pengepakan barang top  pengiriman cepat  ,5
[ KEA ] MASKER KN95 6PLY PREMIUM ISI 10 PCS KOREA DESIGN KN 95 WARNA - Putih, l***a, tibanya cpt masker segelnya aman tebal bgs harga terjangkau mantap,5
[ KEA ] MASKER KN95 6PLY PREMIUM ISI 10 PCS KOREA DESIGN KN 95 WARNA - Putih, Y***e, maskernya bagus   pengiriman cepat,5
[ KEA ] MASKER KN95 6PLY PREMIUM ISI 10 PCS KOREA DESIGN KN 95 WARNA - Putih, N***R, kua itas barang bagus,5
[ KEA ] MASKER KN95 6PLY PREMIUM ISI 10 PCS KOREA DESIGN KN 95 WARNA - Putih, kristina, enak dipakai pengiriman cepat respon seller cepat,5
[ KEA ] MASKER KN95 6PLY PREMIUM ISI 10 PCS KOREA DESIGN KN 95 WARNA - Putih, artha, lecek   lecek masker nya,3
[ KEA ] MASKER KN95 6PLY PREMIUM ISI 10 PCS KOREA DESIGN KN 95 WARNA - Putih,R***a,  sesuai pesanan  kualitas masker bagus  nyaman dipakai  bahannya tebal  warnanya cantik  packaging rapi ,5
[ KEA ] MASKER KN95 6PLY PREMIUM ISI 10 PCS KOREA DESIGN KN 95 WARNA - Putih, E***g, ada yg talinya putus,1
[ KEA ] MASKER KN95 6PLY PREMIUM ISI 10 PCS KOREA DESIGN KN 95 WARNA - Putih, gevita, tidak lengkap salah kirim,1
[ KEA ] MASKER KN95 6PLY PREMIUM ISI 10 PCS KOREA DESIGN KN 95 WARNA - Putih, W***a,ada 1 masker yang talinya begitu  dan masker yang katanya 5ply  ternyata paling tipis diantara masker yang saya beli ,2
(50 pcs) Masker MOUSON KN95 Premium 5 PLY KN 95 Tebal - Lentur - Putih, ratihm,bagus  bahan tebal  tali karet tidak mudah putus,5
(50 pcs) Masker MOUSON KN95 Premium 5 PLY KN 95 Tebal - Lentur - Putih,Lili,mksh,5
(50 pcs) Masker MOUSON KN95 Premium 5 PLY KN 95 Tebal - Lentur - Putih,Brian,barang sesuai deskripsi  pengirimannya cepat  dan juga nyaman dipakai,5
(50 pcs) Masker MOUSON KN95 Premium 5 PLY KN 95 Tebal - Lentur - Putih,aloysius,trims respon cepat  barang dah diterima semua oke thumbs up  thumbs up  thumbs up  thumbs up ,5
(50 pcs) Masker MOUSON KN95 Premium 5 PLY KN 95 Tebal - Lentur - Putih,m***e,karetnya pendek2 semua  kualitas tdk sama seperti yg sebelumnya  dipake di kepala pd copot tali nya  mengecewakan,2
(50 pcs) Masker MOUSON KN95 Premium 5 PLY KN 95 Tebal - Lentur - Putih,V***y,sesuai pesanan packing rqpih,5
(50 pcs) Masker MOUSON KN95 Premium 5 PLY KN 95 Tebal - Lentur - Putih,Allan,bagus pake banget masker nya  nyaman dipake  karetnya juga berasa kuat  mantaap,5
(50 pcs) Masker MOUSON KN95 Premium 5 PLY KN 95 Tebal - Lentur - Putih,B***a,bagus,5
(50 pcs) Masker MOUSON KN95 Premium 5 PLY KN 95 Tebal - Lentur - Putih,widia,barang tidak nyampe,1
(50 pcs) Masker MOUSON KN95 Premium 5 PLY KN 95 Tebal - Lentur - Putih,R***a,tali tdk lengkap  cuma sebelah jd tdk bs dipakai  ukuran dewasa tp sempit  tali cpt putis,2
MASKER 3M 9501V+ KN95 N95 EARLOOP IMPORT ORIGINALL 1 BAG ISI 25 PCS,R***y,recommended seller,5
MASKER 3M 9501V+ KN95 N95 EARLOOP IMPORT ORIGINALL 1 BAG ISI 25 PCS,Riza,pelayanan cepat dan ramah  packing rapi tdk ada yg rusak dan barang masih tersegel  thanks,5
MASKER 3M 9501V+ KN95 N95 EARLOOP IMPORT ORIGINALL 1 BAG ISI 25 PCS,M***d,fast response  barang ori  recommended,5
MASKER 3M 9501V+ KN95 N95 EARLOOP IMPORT ORIGINALL 1 BAG ISI 25 PCS,Dr,ada 1 box yg berbeda  spt bekas krn lecek,3
MASKER 3M 9501V+ KN95 N95 EARLOOP IMPORT ORIGINALL 1 BAG ISI 25 PCS,Michael,recomended ,5
MASKER 3M 9501V+ KN95 N95 EARLOOP IMPORT ORIGINALL 1 BAG ISI 25 PCS,Rendy,mantap  tq kak sdh saya terima dngn baik folded hands  folded hands ,5
Basicmeds Surgical Mask - Masker Medis/ 3Ply/ BFE99%/ Isi 50/ Biru,P***a,oke,5
Basicmeds Surgical Mask - Masker Medis/ 3Ply/ BFE99%/ Isi 50/ Biru,BPudjowahjanto,ok,5
Basicmeds Surgical Mask - Masker Medis/ 3Ply/ BFE99%/ Isi 50/ Biru,s***l,ok,5
Basicmeds Surgical Mask - Masker Medis/ 3Ply/ BFE99%/ Isi 50/ Biru,lina,kotaknya pada peot ka,2
Basicmeds Surgical Mask - Masker Medis/ 3Ply/ BFE99%/ Isi 50/ Biru,Suherman,kendala  kualitas barang bermasalah,1
Basicmeds Surgical Mask - Masker Medis/ 3Ply/ BFE99%/ Isi 50/ Biru,Sulistiawati,pengiriman cepat  packing bagus  produk mantaap,5
Basicmeds Surgical Mask - Masker Medis/ 3Ply/ BFE99%/ Isi 50/ Biru,hilim,bagus nyaman dipakai,5
Basicmeds Surgical Mask - Masker Medis/ 3Ply/ BFE99%/ Isi 50/ Biru,H***i,maskernya sakit ternyata di pipi   ,1
Basicmeds Surgical Mask - Masker Medis/ 3Ply/ BFE99%/ Isi 50/ Biru,ruyani,barang sesuai pesanan ,5
Basicmeds Surgical Mask - Masker Medis/ 3Ply/ BFE99%/ Isi 50/ Biru,H***y,kemasan masker tampak luar sudah oke  pas dibuka di dalamnya memang ada plastik lagi tapi tidak tertutup dengan sempurna  kalo untuk dijadikan stok jadi kurang hygienis karena debu masih tembus face with rolling eyes  ,2
Masker DUCKBILL CAREION 4PLY ISI 10 Warna Warni Pastel 4 Ply KEMENKES - DBION APRICOT,M***d,ok  masker ya jg sudah habis di pakai  cuma ukurannya agak kecil untuk wajah saya jd pas an,4
Masker DUCKBILL CAREION 4PLY ISI 10 Warna Warni Pastel 4 Ply KEMENKES - DBION APRICOT,Rofik,sesuai dengan pesanan pengiriman termasuk cepat,5
Masker DUCKBILL CAREION 4PLY ISI 10 Warna Warni Pastel 4 Ply KEMENKES - DBION APRICOT,ani,bagus enak dipakenya,5
Masker DUCKBILL CAREION 4PLY ISI 10 Warna Warni Pastel 4 Ply KEMENKES - DBION APRICOT,Cak,mantap  joss gandos,5
Masker DUCKBILL CAREION 4PLY ISI 10 Warna Warni Pastel 4 Ply KEMENKES - DBION APRICOT,Kaisar,sipp  ,5
Masker DUCKBILL CAREION 4PLY ISI 10 Warna Warni Pastel 4 Ply KEMENKES - DBION APRICOT,Theresia,barang tdk terkirim  mohon pelayanan bagian gudang packing lbh teliti dlm menyiapkan brg  dan cek ulang apakah sdh sesuai dg daftar orderan pembeli ,1
Masker DUCKBILL CAREION 4PLY ISI 10 Warna Warni Pastel 4 Ply KEMENKES - DBION APRICOT,Dwi,yg datang bukan merk careion maskernya lebih tipis dari yg putih merk careion,1
Masker DUCKBILL CAREION 4PLY ISI 10 Warna Warni Pastel 4 Ply KEMENKES - DBION APRICOT,Kurnia,maskernya kecil bgt  coc k untuk anak kecil fearful face ,2
Masker DUCKBILL CAREION 4PLY ISI 10 Warna Warni Pastel 4 Ply KEMENKES - DBION APRICOT,a***u,pengiriman lama bgt pakingnya ga tebel walaupun masker harusnya pakingnya rapih karena plastiknya udah bolong  dikjt,2
Masker DUCKBILL CAREION 4PLY ISI 10 Warna Warni Pastel 4 Ply KEMENKES - DBION APRICOT,Joseph,barang datang sesuai pesanan,5
ONEMED - Masker 3 Ply Earloop Black | Surgical Mask | Masker OneMed,Irfan,barang sesuai pesanan proses cepat,5
ONEMED - Masker 3 Ply Earloop Black | Surgical Mask | Masker OneMed,h***u,pembelian yang kesekian kali dan selalu bagus pelayanannya,5
ONEMED - Masker 3 Ply Earloop Black | Surgical Mask | Masker OneMed,S***a,masker sangat tipis,3
ONEMED - Masker 3 Ply Earloop Black | Surgical Mask | Masker OneMed,V***e,good,5
ONEMED - Masker 3 Ply Earloop Black | Surgical Mask | Masker OneMed,T***k,mantaapp,5
ONEMED - Masker 3 Ply Earloop Black | Surgical Mask | Masker OneMed,I***m,lumayan halus,4
ONEMED - Masker 3 Ply Earloop Black | Surgical Mask | Masker OneMed,Ronald,murah dan berkualitas  thumbs up ,5
ONEMED - Masker 3 Ply Earloop Black | Surgical Mask | Masker OneMed,albertus,pembelian kedua  barang jelek  kualitas bahan buruk  beda sama pembelian pertama ,1
ONEMED - Masker 3 Ply Earloop Black | Surgical Mask | Masker OneMed,J***y,mudah sekali rusak  besi dihidung keluar terus,2
ONEMED - Masker 3 Ply Earloop Black | Surgical Mask | Masker OneMed,Jaka,kualitas barang sudah jelek  sepertinya bahan baku dikurangi  sangat kecewa masker semakin tipis dari sebelumnya ,1
[ SHUMU ] Masker KN95 6ply Medis kemenkes AKD KN 95 isi 10 pcs 6 PLY - KNGB 10 WHITE,H***y,good product  thumbs up medium light skin tone  good seller  thumbs up medium light skin tone ,5
[ SHUMU ] Masker KN95 6ply Medis kemenkes AKD KN 95 isi 10 pcs 6 PLY - KNGB 10 WHITE,Fenny,bagus thumbs up light skin tone ,5
[ SHUMU ] Masker KN95 6ply Medis kemenkes AKD KN 95 isi 10 pcs 6 PLY - KNGB 10 WHITE,Anwar,barang sdh diterima sesuai pesanan driver cepat kirimnya mantaapp recommended,5
[ SHUMU ] Masker KN95 6ply Medis kemenkes AKD KN 95 isi 10 pcs 6 PLY - KNGB 10 WHITE,Luci,warna tidak sesuai pesanan,3
[ SHUMU ] Masker KN95 6ply Medis kemenkes AKD KN 95 isi 10 pcs 6 PLY - KNGB 10 WHITE,P***u,barang bagus,5
[ SHUMU ] Masker KN95 6ply Medis kemenkes AKD KN 95 isi 10 pcs 6 PLY - KNGB 10 WHITE,BUNGA,kualitas barang bagus  respon dan pengiriman sangat cepat  pertahankan pelayanan yang baik ya kak,5
[ SHUMU ] Masker KN95 6ply Medis kemenkes AKD KN 95 isi 10 pcs 6 PLY - KNGB 10 WHITE,Michael,cepat dan sesuai,5
[ SHUMU ] Masker KN95 6ply Medis kemenkes AKD KN 95 isi 10 pcs 6 PLY - KNGB 10 WHITE,Nahema,semua warnanya ku suka,5
[ SHUMU ] Masker KN95 6ply Medis kemenkes AKD KN 95 isi 10 pcs 6 PLY - KNGB 10 WHITE,Biogreenstoreku,pesen yg pro  dikirim yg biasa,1
[ SHUMU ] Masker KN95 6ply Medis kemenkes AKD KN 95 isi 10 pcs 6 PLY - KNGB 10 WHITE,C***a,merek yg tertera di halaman produk tdk sesuai dan tdk ada ijin dari kemenkes seperti tertulis di halaman produk,2
Masker Oncare Premium KN95 Pro Plus Premium Korea 5Ply isi 10Pcs - ONCR PLUS Black,Andreas,kualitas barang bagus  seller responsif,5
Masker Oncare Premium KN95 Pro Plus Premium Korea 5Ply isi 10Pcs - ONCR PLUS Black,F***y,packing ok   pengiriman cepat  produk baik,5
Masker Oncare Premium KN95 Pro Plus Premium Korea 5Ply isi 10Pcs - ONCR PLUS Black,Imelda,warnanya kerenn   smiling face with heart eyes ,5
Masker Oncare Premium KN95 Pro Plus Premium Korea 5Ply isi 10Pcs - ONCR PLUS Black,Howerd,kualitas brg bagus  pengiriman jg cepat,5
Masker Oncare Premium KN95 Pro Plus Premium Korea 5Ply isi 10Pcs - ONCR PLUS Black,Edy,barangnya sudah sampai pengirimannya cepat packing ok lah thanks you,5
Masker Oncare Premium KN95 Pro Plus Premium Korea 5Ply isi 10Pcs - ONCR PLUS Black,A***a,maskernya ternyata ga fit jadi sering terlepas,3
Masker Oncare Premium KN95 Pro Plus Premium Korea 5Ply isi 10Pcs - ONCR PLUS Black,dasep,warna nya di kirim hitam semua  relieved face  relieved face ,4
Masker Oncare Premium KN95 Pro Plus Premium Korea 5Ply isi 10Pcs - ONCR PLUS Black,F***y,pengiriman cepar  packing oklah  produk baik,5
Masker Oncare Premium KN95 Pro Plus Premium Korea 5Ply isi 10Pcs - ONCR PLUS Black,Brenda,ini payment dr hari sabtu selasa baru bilang stocknya abis  gimana sih ,1
Masker Oncare Premium KN95 Pro Plus Premium Korea 5Ply isi 10Pcs - ONCR PLUS Black,Pieter,sesuai pesanan,5
Paket 2 Box M+ Surgical Mask Earloop 4 Ply - Masker Medis Isi 50 Pcs,Y***i,sudah langganan nih  tebel maskernya ,5
Paket 2 Box M+ Surgical Mask Earloop 4 Ply - Masker Medis Isi 50 Pcs,Y***s,packing makin rapih dibanding beli pertama kali  masker favorit aku ,5
Paket 2 Box M+ Surgical Mask Earloop 4 Ply - Masker Medis Isi 50 Pcs,Najmi,bagus,5
Paket 2 Box M+ Surgical Mask Earloop 4 Ply - Masker Medis Isi 50 Pcs,Metarina,harusnya dikasi kardus lagi jadi kotak masker nya ga rusak  kayak gini kan ga enak diliat,3
Paket 2 Box M+ Surgical Mask Earloop 4 Ply - Masker Medis Isi 50 Pcs,N***g,sudah berkali kali beli masker ini paling nyaman,5
Paket 2 Box M+ Surgical Mask Earloop 4 Ply - Masker Medis Isi 50 Pcs,K***a,ini pembelian yg kesekian kali  pelayanan cukup memuaskan  thanks,5
Paket 2 Box M+ Surgical Mask Earloop 4 Ply - Masker Medis Isi 50 Pcs,Sri,kurang soft,5
Paket 2 Box M+ Surgical Mask Earloop 4 Ply - Masker Medis Isi 50 Pcs,Herni,barang bagus  nyaman dipakai  packing sangat rapi dan aman  dikasi hadiah  tks ya seller  makin laris dan bertambah rejeki  sukses selalu,5
Paket 2 Box M+ Surgical Mask Earloop 4 Ply - Masker Medis Isi 50 Pcs,BinLaden,mantap ,5
Paket 2 Box M+ Surgical Mask Earloop 4 Ply - Masker Medis Isi 50 Pcs,Marcho,gak tau perasaan sy aja atau memang masker kali ini rasanya agak sedikit tipis  gak seperti sebelum2nya agak tebal ,3
Masker Surgical Medis 5 PLY Masker Seven 5PLY Kemenkes AKD isi 50 pcs - 7 5ply Green,henrayani,langanan,5
Masker Surgical Medis 5 PLY Masker Seven 5PLY Kemenkes AKD isi 50 pcs - 7 5ply Green,S***i,packing  handling dan pengiriman selalu ok  produk berkualitas sesuai deskripsi  makanya selalu order di sini  highly recommended seller tq ,5
Masker Surgical Medis 5 PLY Masker Seven 5PLY Kemenkes AKD isi 50 pcs - 7 5ply Green,Roosmin,bagus  sesuai pesanan,5
Masker Surgical Medis 5 PLY Masker Seven 5PLY Kemenkes AKD isi 50 pcs - 7 5ply Green,T***o,produk bagus  paking aman  pengiriman super cepat ,5
Masker Surgical Medis 5 PLY Masker Seven 5PLY Kemenkes AKD isi 50 pcs - 7 5ply Green,D***i,masker bagus dan sudah beberapa kali beli di toko ini ,5
Masker Surgical Medis 5 PLY Masker Seven 5PLY Kemenkes AKD isi 50 pcs - 7 5ply Green,Lisa,recommended  thumbs up ,5
Masker Surgical Medis 5 PLY Masker Seven 5PLY Kemenkes AKD isi 50 pcs - 7 5ply Green,S***a,terima kasih thumbs up  thumbs up ,5
Masker Surgical Medis 5 PLY Masker Seven 5PLY Kemenkes AKD isi 50 pcs - 7 5ply Green,S***o,maskernya bau ,1
Masker Surgical Medis 5 PLY Masker Seven 5PLY Kemenkes AKD isi 50 pcs - 7 5ply Green,M***c,proses packing cepat  masker tidak berbau  lembut,5
Masker Surgical Medis 5 PLY Masker Seven 5PLY Kemenkes AKD isi 50 pcs - 7 5ply Green,F***o,barang sesuai deskripsi,5
Kosmemask - 1 Box Isi 20 Masker Kosme KM95 Breathable Mask Nano Silver,megawati,tdk seperti tampilan fotonya warnanya tdk di sebut maksud hati mau putih knp yg dtg hitam  face with hand over mouth  face with hand over mouth  face with hand over mouth ,5
Kosmemask - 1 Box Isi 20 Masker Kosme KM95 Breathable Mask Nano Silver,Andi,bagus maskernya,5
Kosmemask - 1 Box Isi 20 Masker Kosme KM95 Breathable Mask Nano Silver,Yusuf,bagus gadak yg cacat maskernya,5
Kosmemask - 1 Box Isi 20 Masker Kosme KM95 Breathable Mask Nano Silver,F***h,pengiriman lama sudah pilih same day datengnya 2 setelah pengiriman,3
Kosmemask - 1 Box Isi 20 Masker Kosme KM95 Breathable Mask Nano Silver,F***y,pengemasannya bagus  brg sampai dgn baik dan cepat  hand with index finger and thumb crossed light skin tone  plg suka masker kosme km 95 ini  warna hitam lg  beaming face with smiling eyes ,5
Kosmemask - 1 Box Isi 20 Masker Kosme KM95 Breathable Mask Nano Silver,Yati,pesan tgl 21 malam harusnya tiba tgl 22  baru terima hari ini karena dukirim ulang oleh team kurir,5
Kosmemask - 1 Box Isi 20 Masker Kosme KM95 Breathable Mask Nano Silver,Farid,terbaik,5
Kosmemask - 1 Box Isi 20 Masker Kosme KM95 Breathable Mask Nano Silver,L***a,works banget asli bagus   jadi gausah beli2 konektor lagi kalo lagi mau pake kerudung   dan bagus nya kalo pake kacamata ga berembun karna nge press muka  good ,5
Kosmemask - 1 Box Isi 20 Masker Kosme KM95 Breathable Mask Nano Silver,Rizki,pesanan sesuai dan packaging ok,5
Kosmemask - 1 Box Isi 20 Masker Kosme KM95 Breathable Mask Nano Silver,F***e,sipp thumbs up  star struck  star struck  star struck  star struck  star struck mantapp smiling face with hearts  smiling face with hearts  smiling face with hearts  smiling face with hearts  smiling face with hearts  smiling face with hearts ,5
[ CAREION ] MASKER 3PLY EARLOOP PREMIUM WARNA NUDE ISI 50 PCS 3 PLY - BASICMEDS PUTIH,Diyo,brg bagus sesuai pesanan joss,5
[ CAREION ] MASKER 3PLY EARLOOP PREMIUM WARNA NUDE ISI 50 PCS 3 PLY - BASICMEDS PUTIH,Indra,yaman  sip,5
[ CAREION ] MASKER 3PLY EARLOOP PREMIUM WARNA NUDE ISI 50 PCS 3 PLY - BASICMEDS PUTIH,Ferry,produk nya ok  proses dan pengiriman cepat,5
[ CAREION ] MASKER 3PLY EARLOOP PREMIUM WARNA NUDE ISI 50 PCS 3 PLY - BASICMEDS PUTIH,Ali,barang sesuai harapan packing rapih dan aman proses cepat,5
[ CAREION ] MASKER 3PLY EARLOOP PREMIUM WARNA NUDE ISI 50 PCS 3 PLY - BASICMEDS PUTIH,Sabam,mantaapp respon penjualnya   produk baguuss,5
[ CAREION ] MASKER 3PLY EARLOOP PREMIUM WARNA NUDE ISI 50 PCS 3 PLY - BASICMEDS PUTIH,Abetnico,order 3 item  tpi dikirimkan hanya 2 item,3
[ CAREION ] MASKER 3PLY EARLOOP PREMIUM WARNA NUDE ISI 50 PCS 3 PLY - BASICMEDS PUTIH,Dwi,udah repeat order kesekian kalinya,5
[ CAREION ] MASKER 3PLY EARLOOP PREMIUM WARNA NUDE ISI 50 PCS 3 PLY - BASICMEDS PUTIH,pratiwi,warna sesuai baguss,5
[ CAREION ] MASKER 3PLY EARLOOP PREMIUM WARNA NUDE ISI 50 PCS 3 PLY - BASICMEDS PUTIH,V***a,pokoknya selalu langganan disini dr awal pandemi  mantap terimakasih,5
[ CAREION ] MASKER 3PLY EARLOOP PREMIUM WARNA NUDE ISI 50 PCS 3 PLY - BASICMEDS PUTIH,D***i,bagus  udah langganan warna ini mah,5
Masker Earloop Kn95 Kn 95 5 Ply 5Ply Cantol Hitam Black isi 10 pcs,Ahmad,sipp cepat sampai maskernya 4ply bukan 5ply ya gpp lah masih bisa dipakai,5
Masker Earloop Kn95 Kn 95 5 Ply 5Ply Cantol Hitam Black isi 10 pcs,peewee,murah memadai,5
Masker Earloop Kn95 Kn 95 5 Ply 5Ply Cantol Hitam Black isi 10 pcs,d***y,pesanan ke 2   belum di check in semua kualitasnya sama atau beda  hehe fast respon yang penting mah ,5
Masker Earloop Kn95 Kn 95 5 Ply 5Ply Cantol Hitam Black isi 10 pcs,T***o,walau tanpa kardus  tetep ok ,5
Masker Earloop Kn95 Kn 95 5 Ply 5Ply Cantol Hitam Black isi 10 pcs,yudhi,brg yg dikirim beda dengan gambar  gbr kn956 yg dikirim duckbill   thumbs down   thumbs down  seller tolong di drop aja item ini dr mengecewakan pembeli,5
Masker Earloop Kn95 Kn 95 5 Ply 5Ply Cantol Hitam Black isi 10 pcs,Pangeran,kn95nya setipis harganya   grinning face with sweat ,5
Masker Earloop Kn95 Kn 95 5 Ply 5Ply Cantol Hitam Black isi 10 pcs,Joseph,masker yang dikirim bukan masker kn95 dan maskernya pun tipis  kecewa sama barang yang dikirim padahal ini pembelian ke 2,3
Masker Earloop Kn95 Kn 95 5 Ply 5Ply Cantol Hitam Black isi 10 pcs,f***n,barang yg dikirimkan tidak sesuai gambar iklan  walaupun kn95  tapi berbeda dari yg diharapkan  sesuai gambar iklan ,2
Masker Earloop Kn95 Kn 95 5 Ply 5Ply Cantol Hitam Black isi 10 pcs,A***s,pesanan tidak sesuai  not good seller,1
Masker Earloop Kn95 Kn 95 5 Ply 5Ply Cantol Hitam Black isi 10 pcs,Lucia,respon dan pengirimannya cepat  barang sesuai dengan deskripsi  terima kasih ,5
"MASKER ICARE DUCKBILL EMBOSS EARLOOP 4PLY PREMIUM QUALITY 50PCS I CARE - PUTIH EMBOSS, IC DB SACHET 25",Finala,sesuai dengan pesanan,5
"MASKER ICARE DUCKBILL EMBOSS EARLOOP 4PLY PREMIUM QUALITY 50PCS I CARE - PUTIH EMBOSS, IC DB SACHET 26",Hendra,repeat order ,5
"MASKER ICARE DUCKBILL EMBOSS EARLOOP 4PLY PREMIUM QUALITY 50PCS I CARE - PUTIH EMBOSS, IC DB SACHET 27",susanti,berbulu,1
"MASKER ICARE DUCKBILL EMBOSS EARLOOP 4PLY PREMIUM QUALITY 50PCS I CARE - PUTIH EMBOSS, IC DB SACHET 28",ichwan,respon penjual dan kurir cepat ,5
"MASKER ICARE DUCKBILL EMBOSS EARLOOP 4PLY PREMIUM QUALITY 50PCS I CARE - PUTIH EMBOSS, IC DB SACHET 29",S***e,permintaan warna gold yg dtg knp warnanya ky silver ke coklatan gelap gt kl lht aslinya   gak sesuai dgn pic di etalase nya  kecewa  pensive face ,3
"MASKER ICARE DUCKBILL EMBOSS EARLOOP 4PLY PREMIUM QUALITY 50PCS I CARE - PUTIH EMBOSS, IC DB SACHET 30",H***n,topp om,5
"MASKER ICARE DUCKBILL EMBOSS EARLOOP 4PLY PREMIUM QUALITY 50PCS I CARE - PUTIH EMBOSS, IC DB SACHET 31",S***i,pengiriman cepat  masker nyaman dipakai  nafas lebih lega dan warna2 bagus,5
"MASKER ICARE DUCKBILL EMBOSS EARLOOP 4PLY PREMIUM QUALITY 50PCS I CARE - PUTIH EMBOSS, IC DB SACHET 32",icha,kesekian kalinya beli harga murah barang berkualitas sesuai pesanan,5
"MASKER ICARE DUCKBILL EMBOSS EARLOOP 4PLY PREMIUM QUALITY 50PCS I CARE - PUTIH EMBOSS, IC DB SACHET 33",P***o,sesuai deskripsi  kualitas barang ok  dapat bonus 4 bh masker kn 95  terima kasih,5
"MASKER ICARE DUCKBILL EMBOSS EARLOOP 4PLY PREMIUM QUALITY 50PCS I CARE - PUTIH EMBOSS, IC DB SACHET 34",Agus,barang ok  mantap,5
"MASKER ICARE DUCKBILL EMBOSS EARLOOP 4PLY PREMIUM QUALITY 50PCS I CARE - PUTIH EMBOSS, IC DB SACHET 35",Jessica,pesanan sesuai yg di request pengiriman cepat recommended seller,5
"MASKER ICARE DUCKBILL EMBOSS EARLOOP 4PLY PREMIUM QUALITY 50PCS I CARE - PUTIH EMBOSS, IC DB SACHET 36",Citra,barang bagus   sesuai deskripsi no cacat packing rapi,5
"MASKER ICARE DUCKBILL EMBOSS EARLOOP 4PLY PREMIUM QUALITY 50PCS I CARE - PUTIH EMBOSS, IC DB SACHET 37",wasilatul,puas banget  terima kasih selalu dapat bonus masker,5
FILTCARE Masker KF94 Korea 4 ply Premium isi 10 pcs High Quality - FC KF 10 WHITE,D***t,pertama x order 2 packs n alhamdulillah maskernya bgs bener  bhn n size nyaman di wjh  warna cantik  sy sk dg model ini krn enak dipakai buat yg berkacamata  posisi kacamata bs pas  krn suka n cocok  next sy akan order lg ya ,5
FILTCARE Masker KF94 Korea 4 ply Premium isi 10 pcs High Quality - FC KF 10 WHITE,Eddy,sdh diterima seller responsif  pengiriman cepat  terima kasih,5
FILTCARE Masker KF94 Korea 4 ply Premium isi 10 pcs High Quality - FC KF 10 WHITE,Putu,respon penjual cepat barang sesuai deakripsi dan diterima lebih cepat,5
FILTCARE Masker KF94 Korea 4 ply Premium isi 10 pcs High Quality - FC KF 10 WHITE,Miss,barang okk,5
FILTCARE Masker KF94 Korea 4 ply Premium isi 10 pcs High Quality - FC KF 10 WHITE,Djatty,masker nya sesuai pesanan harga terjangkau recomended,5
FILTCARE Masker KF94 Korea 4 ply Premium isi 10 pcs High Quality - FC KF 10 WHITE,R***s,ada beda merk 1 ,4
FILTCARE Masker KF94 Korea 4 ply Premium isi 10 pcs High Quality - FC KF 10 WHITE,I***u,barang nya bagus  thumbs up ,5
FILTCARE Masker KF94 Korea 4 ply Premium isi 10 pcs High Quality - FC KF 10 WHITE,erini,sesuai pesanan   pengiriman cepat,5
FILTCARE Masker KF94 Korea 4 ply Premium isi 10 pcs High Quality - FC KF 10 WHITE,M***d,masker pada lecek   packingnya tanpa kardus   langsung di lilit plastik,1
FILTCARE Masker KF94 Korea 4 ply Premium isi 10 pcs High Quality - FC KF 10 WHITE,ngawur,padahal untuk di jual kembali sungguh teganya dirimu,1
FILTCARE Masker KF94 Korea 4 ply Premium isi 10 pcs High Quality - FC KF 10 WHITE,h***s,pesan matcha di kirim putih,2
FILTCARE Masker KF94 Korea 4 ply Premium isi 10 pcs High Quality - FC KF 10 WHITE,A***n,diprosesnya lama  tali maskernya tdk sesuai yg di iklan  tali masker yg ini sepengalaman saya cpet lepas  beda dengan tali masker yg di iklan itu lebih kuat  agak sedikit kecewa ,2
"Masker ALKINDO DUCKBILL 3Ply (PUTIH) 50pcs/box, seperti sensi ducbill - 4 PLY PTH EMBOS",Fountain,good,5
"Masker ALKINDO DUCKBILL 3Ply (PUTIH) 50pcs/box, seperti sensi ducbill - 4 PLY PTH EMBOS",Y***a,sesuai pesanan produk baguss dan pengiriman jg cepat  thank you thumbs up ,5
"Masker ALKINDO DUCKBILL 3Ply (PUTIH) 50pcs/box, seperti sensi ducbill - 4 PLY PTH EMBOS",k***i,sesuai pesanan  mantap  recommended seller,5
"Masker ALKINDO DUCKBILL 3Ply (PUTIH) 50pcs/box, seperti sensi ducbill - 4 PLY PTH EMBOS",shavyfallen,barang sesuai pesanan   pengiriman juga sangat cepat,5
"Masker ALKINDO DUCKBILL 3Ply (PUTIH) 50pcs/box, seperti sensi ducbill - 4 PLY PTH EMBOS",Rifai,packing barang rapih  pengiriman cepat sampai  barang bagus dan jumlah barang pas sesui pesanan tidak ada yang kurang  terimakasih ,5
"Masker ALKINDO DUCKBILL 3Ply (PUTIH) 50pcs/box, seperti sensi ducbill - 4 PLY PTH EMBOS",Budiman,barang sesuai deskripsi  sudah sering order disini pengiriman juga cepat sampai ,5
"Masker ALKINDO DUCKBILL 3Ply (PUTIH) 50pcs/box, seperti sensi ducbill - 4 PLY PTH EMBOS",E***a,sesuai pesanan  masker nyaman digunakan  thank you ,5
"Masker ALKINDO DUCKBILL 3Ply (PUTIH) 50pcs/box, seperti sensi ducbill - 4 PLY PTH EMBOS",irdarmansyah,barang nya yang dateng cuma 49 kurang 1 pcs ,2
"Masker ALKINDO DUCKBILL 3Ply (PUTIH) 50pcs/box, seperti sensi ducbill - 4 PLY PTH EMBOS",h***y,plastik bungkus kebuka  barang jatuh ke lantai  sial sekali  tks,5
"Masker ALKINDO DUCKBILL 3Ply (PUTIH) 50pcs/box, seperti sensi ducbill - 4 PLY PTH EMBOS",r***s,ga pakai dus   dibungkus plastik aja dan terbuka  steril ga ya ,4
"Masker ALKINDO DUCKBILL 3Ply (PUTIH) 50pcs/box, seperti sensi ducbill - 4 PLY PTH EMBOS",buddhy,barang sesuai apa yang digambarkan   respon sangat cepat  paking produk proper mantabs,5
[ DOC ] MASKER KF94 FFP2 4PLY ISI 25 SEGEL PER PCS EARLOOP CE0598 - HIJAUARMY 30PCS,Y***i,top selalu beli disini  thumbs up ,5
[ DOC ] MASKER KF94 FFP2 4PLY ISI 25 SEGEL PER PCS EARLOOP CE0598 - HIJAUARMY 30PCS,Frans,sesuai pesanan  pelayanan cepat   kualitas bagus,5
[ DOC ] MASKER KF94 FFP2 4PLY ISI 25 SEGEL PER PCS EARLOOP CE0598 - HIJAUARMY 30PCS,Z***l,mendarat dengan sempurna  terimakasih seller  dapat bonus tali masker lucuk  hihi  semoga laris seller aamiin,5
[ DOC ] MASKER KF94 FFP2 4PLY ISI 25 SEGEL PER PCS EARLOOP CE0598 - HIJAUARMY 30PCS,olivia,suka banget sm maskernya  ga bikin sakit telinga n ga pengap juga  ud berkali2 repeat order ga pernah kecewa  thanks you ya,4
[ DOC ] MASKER KF94 FFP2 4PLY ISI 25 SEGEL PER PCS EARLOOP CE0598 - HIJAUARMY 30PCS,Tuti,tdk sesuai harapan,1
[ DOC ] MASKER KF94 FFP2 4PLY ISI 25 SEGEL PER PCS EARLOOP CE0598 - HIJAUARMY 30PCS,eugenius,penjual mengirimkan masker palsu  berbeda dari yg di iklankan oleh penjual,1
[ DOC ] MASKER KF94 FFP2 4PLY ISI 25 SEGEL PER PCS EARLOOP CE0598 - HIJAUARMY 30PCS,Daud,gk sesuai dgn permintaan  saya jelas2 sudah tulis di catatan order   di diskusi sblm order tapi dikirim gk sesuai permintaan thanks,2
[ DOC ] MASKER KF94 FFP2 4PLY ISI 25 SEGEL PER PCS EARLOOP CE0598 - HIJAUARMY 30PCS,o***a,beneran di packing satuan loh   jd nya aman dibawa kemana2,5
[ DOC ] MASKER KF94 FFP2 4PLY ISI 25 SEGEL PER PCS EARLOOP CE0598 - HIJAUARMY 30PCS,Epe,barang cepat diproses dan sesuai pesanan ,5
[ DOC ] MASKER KF94 FFP2 4PLY ISI 25 SEGEL PER PCS EARLOOP CE0598 - HIJAUARMY 30PCS,Anneke,proses cepet banget  barang bagus  makasih bonus tali maskernya,5
[ DOC ] MASKER KF94 FFP2 4PLY ISI 25 SEGEL PER PCS EARLOOP CE0598 - HIJAUARMY 30PCS,david,semua sesuai pesanan  yg doc bungkus satuan n ada sambungan  diksh bonus 1 tali jg  pasti langganan lagi  mantep n thanks,5
