,Nama_Produk,Akun,Ulasan,rate
1,Masker KF94 4 Ply Isi 10 Pcs Masker Medis Kesehatan Kemasan Plastik - Putih,Stephanus,dua kali beli sayang lambat respon order pagi kirim sore respon respon itu kirim besok barang bagus sesuai harga,3
2,Masker KF94 4 Ply Isi 10 Pcs Masker Medis Kesehatan Kemasan Plastik - Putih,Yati,bagus kirim cepat,5
3,Masker KF94 4 Ply Isi 10 Pcs Masker Medis Kesehatan Kemasan Plastik - Putih,Husin,barang sesuai pesan,5
4,Masker KF94 4 Ply Isi 10 Pcs Masker Medis Kesehatan Kemasan Plastik - Putih,Febby,panas pakai,2
5,Masker KF94 4 Ply Isi 10 Pcs Masker Medis Kesehatan Kemasan Plastik - Putih,Rahmat,barang sesuai minta bagus komunikasi jual beli pro aktif,3
6,Masker KF94 4 Ply Isi 10 Pcs Masker Medis Kesehatan Kemasan Plastik - Putih,Alden,bagus masker,5
7,Masker KF94 4 Ply Isi 10 Pcs Masker Medis Kesehatan Kemasan Plastik - Putih,Heni,pengirimn cepat produk bagus konsumen suka makasih,5
8,Masker KF94 4 Ply Isi 10 Pcs Masker Medis Kesehatan Kemasan Plastik - Putih,Husin,barang sesuai pesan kirim cepat,5
9,Masker KF94 4 Ply Isi 10 Pcs Masker Medis Kesehatan Kemasan Plastik - Putih,n***l,proses barang jemput kurir banget anjas pokok,5
10,Masker KF94 4 Ply Isi 10 Pcs Masker Medis Kesehatan Kemasan Plastik - Putih,Antonius,mantabspesan warna hitam putih pink,4
11,MASKER 3PLY IZIN KEMENKES MASKER MEDIS KESEHATAN 3 PLY ALKINDO 50 PCS - Biru Earloop,M***e,kirim cepat sesuai pesan respon jual cepat ramah,5
12,MASKER 3PLY IZIN KEMENKES MASKER MEDIS KESEHATAN 3 PLY ALKINDO 50 PCS - Biru Earloop,R***I,barang terima sesuai pesan aman,5
13,MASKER 3PLY IZIN KEMENKES MASKER MEDIS KESEHATAN 3 PLY ALKINDO 50 PCS - Biru Earloop,Frida,tidak ada komentar,5
14,MASKER 3PLY IZIN KEMENKES MASKER MEDIS KESEHATAN 3 PLY ALKINDO 50 PCS - Biru Earloop,Renold,kecewa berat masker hijab warna hitam tali masker gampang putus tali masker pendek,5
15,MASKER 3PLY IZIN KEMENKES MASKER MEDIS KESEHATAN 3 PLY ALKINDO 50 PCS - Biru Earloop,Roy,kirim sesuai estimasi baik,5
16,MASKER 3PLY IZIN KEMENKES MASKER MEDIS KESEHATAN 3 PLY ALKINDO 50 PCS - Biru Earloop,Ridwan,karet headloop nya pendek istri pakai untung anak,1
17,MASKER 3PLY IZIN KEMENKES MASKER MEDIS KESEHATAN 3 PLY ALKINDO 50 PCS - Biru Earloop,Fatma,barang bagus hrga murah layan muas,2
18,MASKER 3PLY IZIN KEMENKES MASKER MEDIS KESEHATAN 3 PLY ALKINDO 50 PCS - Biru Earloop,v***a,bagus barang sesuai,3
19,MASKER 3PLY IZIN KEMENKES MASKER MEDIS KESEHATAN 3 PLY ALKINDO 50 PCS - Biru Earloop,A***s,tidak ada komentar,5
20,MASKER 3PLY IZIN KEMENKES MASKER MEDIS KESEHATAN 3 PLY ALKINDO 50 PCS - Biru Earloop,Renold,masker medis lumayan cepat tuju harga murah barang murahansmoga masker medis nya manfaat,5
21,Masker 3 ply Medis Masker Bedah Kemenkes 3ply isi 50pcs Merk Orlee - Masker Earloop,Parama,sesuai pesan packing kirim cepat terima kasih ya,5
22,Masker 3 ply Medis Masker Bedah Kemenkes 3ply isi 50pcs Merk Orlee - Masker Earloop,S***l,sesuai harga,5
23,Masker 3 ply Medis Masker Bedah Kemenkes 3ply isi 50pcs Merk Orlee - Masker Earloop,Galih,kirim cepat barang sesuai,5
24,Masker 3 ply Medis Masker Bedah Kemenkes 3ply isi 50pcs Merk Orlee - Masker Earloop,Sujatmiko,sesuai pesan sip,5
25,Masker 3 ply Medis Masker Bedah Kemenkes 3ply isi 50pcs Merk Orlee - Masker Earloop,A***s,nice one,5
26,Masker 3 ply Medis Masker Bedah Kemenkes 3ply isi 50pcs Merk Orlee - Masker Earloop,Hae,sesuai pesan,4
27,Masker 3 ply Medis Masker Bedah Kemenkes 3ply isi 50pcs Merk Orlee - Masker Earloop,M***i,barang rumah,4
28,Masker 3 ply Medis Masker Bedah Kemenkes 3ply isi 50pcs Merk Orlee - Masker Earloop,Achmad,proses nya cepat thanks gan,5
29,Masker 3 ply Medis Masker Bedah Kemenkes 3ply isi 50pcs Merk Orlee - Masker Earloop,M***r,barang sesuai pesan,5
30,Masker 3 ply Medis Masker Bedah Kemenkes 3ply isi 50pcs Merk Orlee - Masker Earloop,s***a,kirim nya cepat barang aman rusa,3
31,Masker Evo PlusMed 4d Medis - Putih,A***i,masker favorite senang beli official store jamin,5
32,Masker Evo PlusMed 4d Medis - Putih,L***a,packingan bagus rapi bubblewrap kirim cepat sesuai janji besok puas,5
33,Masker Evo PlusMed 4d Medis - Putih,cynthia,kualitas okpengiriman cepat bangetdapet cashback,5
34,Masker Evo PlusMed 4d Medis - Putih,B***k,barang sesuai pesan cepat,5
35,Masker Evo PlusMed 4d Medis - Putih,Novi,barang asli evorecomended,5
36,Masker Evo PlusMed 4d Medis - Putih,J***a,pesan masker warna hijau datang warna pink,2
37,Masker Evo PlusMed 4d Medis - Putih,G***i,order emas bagus cepat moga tambah warna cute ya,5
38,Masker Evo PlusMed 4d Medis - Putih,M***i,pilih no masker medis keluarga,3
39,Masker Evo PlusMed 4d Medis - Putih,Felix,packing fisik barang rapi safety terima kasih souvenir nya,4
40,Masker Evo PlusMed 4d Medis - Putih,Celine,bagus,5
41,SENSI - Convex Mask 4 Ply | Masker Earloop 4 Ply | Masker Sensi - Merah,J***a,langgan,5
42,SENSI - Convex Mask 4 Ply | Masker Earloop 4 Ply | Masker Sensi - Merah,Rita,suka rapat nyaman banget,5
43,SENSI - Convex Mask 4 Ply | Masker Earloop 4 Ply | Masker Sensi - Merah,Y***A,proses cepat respon jual ramah packaging rapi mantaaaaaapp,5
44,SENSI - Convex Mask 4 Ply | Masker Earloop 4 Ply | Masker Sensi - Merah,B***a,good quality percaya,5
45,SENSI - Convex Mask 4 Ply | Masker Earloop 4 Ply | Masker Sensi - Merah,Derry,kirim cepat bandung mantap,5
46,SENSI - Convex Mask 4 Ply | Masker Earloop 4 Ply | Masker Sensi - Merah,Firdaus,respon cepat packing rapi kirim barang sesuai,5
47,SENSI - Convex Mask 4 Ply | Masker Earloop 4 Ply | Masker Sensi - Merah,N***a,produk asli bungkus plastik segel mahal toko jamin kualitas,3
48,SENSI - Convex Mask 4 Ply | Masker Earloop 4 Ply | Masker Sensi - Merah,Denys,bagus,4
49,SENSI - Convex Mask 4 Ply | Masker Earloop 4 Ply | Masker Sensi - Merah,R***z,recomended,5
50,SENSI - Convex Mask 4 Ply | Masker Earloop 4 Ply | Masker Sensi - Merah,A***i,kirim nya cepat,5
51,Disposable Mask KN95 N95 Facemask Kesehatan Masker Wajah 5 Layer BNPB - EVO 1pcs,Nova,re order sekian kali mantap puas order,5
52,Disposable Mask KN95 N95 Facemask Kesehatan Masker Wajah 5 Layer BNPB - EVO 1pcs,A***d,barang terima terima kasih,5
53,Disposable Mask KN95 N95 Facemask Kesehatan Masker Wajah 5 Layer BNPB - EVO 1pcs,edduwar,barang baguz cepat,5
54,Disposable Mask KN95 N95 Facemask Kesehatan Masker Wajah 5 Layer BNPB - EVO 1pcs,Seindah,rugi beli toko rekomended,4
55,Disposable Mask KN95 N95 Facemask Kesehatan Masker Wajah 5 Layer BNPB - EVO 1pcs,A***s,tidak ada komentar,5
56,Disposable Mask KN95 N95 Facemask Kesehatan Masker Wajah 5 Layer BNPB - EVO 1pcs,David,mantul,5
57,Disposable Mask KN95 N95 Facemask Kesehatan Masker Wajah 5 Layer BNPB - EVO 1pcs,Anggia,bungkus plastik sealed debu kotor,3
58,Disposable Mask KN95 N95 Facemask Kesehatan Masker Wajah 5 Layer BNPB - EVO 1pcs,W***a,sippp beli,5
59,Disposable Mask KN95 N95 Facemask Kesehatan Masker Wajah 5 Layer BNPB - EVO 1pcs,M***d,manstap,5
60,Disposable Mask KN95 N95 Facemask Kesehatan Masker Wajah 5 Layer BNPB - EVO 1pcs,Edwin,barang terima,5
61,Goto Enviro 50 Pcs 3ply Facemask Masker Earloop Kesehatan - 50 pcs Rainbow,a***a,baik,5
62,Goto Enviro 50 Pcs 3ply Facemask Masker Earloop Kesehatan - 50 pcs Rainbow,dharma,tidak ada komentar,2
63,Goto Enviro 50 Pcs 3ply Facemask Masker Earloop Kesehatan - 50 pcs Rainbow,Lesmono,warna kalem pakai bini sesuai baju,5
64,Goto Enviro 50 Pcs 3ply Facemask Masker Earloop Kesehatan - 50 pcs Rainbow,s***i,tooopp puuaaassss,5
65,Goto Enviro 50 Pcs 3ply Facemask Masker Earloop Kesehatan - 50 pcs Rainbow,S***i,barang sesuai pesan bagus kirim,5
66,Goto Enviro 50 Pcs 3ply Facemask Masker Earloop Kesehatan - 50 pcs Rainbow,Melani,bagus rapi foto langsung pakai tali gampang putus relatif sakit telinga terima kasih ya,3
67,Goto Enviro 50 Pcs 3ply Facemask Masker Earloop Kesehatan - 50 pcs Rainbow,Darwin,ok,4
68,Goto Enviro 50 Pcs 3ply Facemask Masker Earloop Kesehatan - 50 pcs Rainbow,SETIAWAN,packing rapi respon cepat,5
69,Goto Enviro 50 Pcs 3ply Facemask Masker Earloop Kesehatan - 50 pcs Rainbow,arief,mantap jiwa moga harga turun,5
70,Goto Enviro 50 Pcs 3ply Facemask Masker Earloop Kesehatan - 50 pcs Rainbow,arief,next order,5
71,Disposable Face Mask 50pcs / BOX Masker Wajah Kesehatan 3 Layer BNPB - Pack 10pcs,H***k,kualitas bagus abal,3
72,Disposable Face Mask 50pcs / BOX Masker Wajah Kesehatan 3 Layer BNPB - Pack 10pcs,d***i,rekomendasi kurir,2
73,Disposable Face Mask 50pcs / BOX Masker Wajah Kesehatan 3 Layer BNPB - Pack 10pcs,Rizki,langgan beli masker kualitas masker bagus kirim cepat harga affordable thank you,5
74,Disposable Face Mask 50pcs / BOX Masker Wajah Kesehatan 3 Layer BNPB - Pack 10pcs,Irfan,paket sesuai gambar skripsi kirim cepatrecomended seller,5
75,Disposable Face Mask 50pcs / BOX Masker Wajah Kesehatan 3 Layer BNPB - Pack 10pcs,Lupir,semenjak wabah landa beli masker medis toko rekomendasi banget terimakasih,5
76,Disposable Face Mask 50pcs / BOX Masker Wajah Kesehatan 3 Layer BNPB - Pack 10pcs,Mueeza,beda merk brgnya kes mudah an,4
77,Disposable Face Mask 50pcs / BOX Masker Wajah Kesehatan 3 Layer BNPB - Pack 10pcs,G***g,order pagi bada isya loh mantap pis terima kasih ya gan sukses lapak moga barokah,5
78,Disposable Face Mask 50pcs / BOX Masker Wajah Kesehatan 3 Layer BNPB - Pack 10pcs,Agit,box rapi packing rapi barang sesuai gambar seller respon customer,5
79,Disposable Face Mask 50pcs / BOX Masker Wajah Kesehatan 3 Layer BNPB - Pack 10pcs,H***k,mantap thanks,5
80,Disposable Face Mask 50pcs / BOX Masker Wajah Kesehatan 3 Layer BNPB - Pack 10pcs,S***a,tidak ada komentar,3
81,ONEMED - Masker Karet 3 Ply / Masker Non-Medis / Masker Earloop 3 ply - Putih,Z***i,barang bagus sesuai deskripsimakasih,5
82,ONEMED - Masker Karet 3 Ply / Masker Non-Medis / Masker Earloop 3 ply - Putih,M***M,order,4
83,ONEMED - Masker Karet 3 Ply / Masker Non-Medis / Masker Earloop 3 ply - Putih,Dimas,original tebal nyaman,5
84,ONEMED - Masker Karet 3 Ply / Masker Non-Medis / Masker Earloop 3 ply - Putih,Endah,ok banget,5
85,ONEMED - Masker Karet 3 Ply / Masker Non-Medis / Masker Earloop 3 ply - Putih,Adhi,tipis sih ragu banding type jenis ply ply,2
86,ONEMED - Masker Karet 3 Ply / Masker Non-Medis / Masker Earloop 3 ply - Putih,d***a,masker plastik masuk dus,3
87,ONEMED - Masker Karet 3 Ply / Masker Non-Medis / Masker Earloop 3 ply - Putih,D***g,paket komplit seller fast responramahbarang mantaprekomendasi baik deh belanja mantaf,4
88,ONEMED - Masker Karet 3 Ply / Masker Non-Medis / Masker Earloop 3 ply - Putih,Anggi,oke banget enak pakai cepat,5
89,ONEMED - Masker Karet 3 Ply / Masker Non-Medis / Masker Earloop 3 ply - Putih,A***s,overall produk ok nyaman pakai seharihari sayang packagingnya kardus penyok sisi segel rapi,4
90,ONEMED - Masker Karet 3 Ply / Masker Non-Medis / Masker Earloop 3 ply - Putih,Wiwit,masker sesuai hari enak pakai mudah napas cuman warna putih banget nerawangnya kayak tipis,3
91,KUKE Disposable Mask KN95 Facemask Kesehatan Masker Wajah 5 Layer BNPB - KN95 1pcs,Iwan,barang kondisi bagus kirim,5
92,KUKE Disposable Mask KN95 Facemask Kesehatan Masker Wajah 5 Layer BNPB - KN95 1pcs,J***o,barang bagus sesuai deskripsi,5
93,KUKE Disposable Mask KN95 Facemask Kesehatan Masker Wajah 5 Layer BNPB - KN95 1pcs,Rully,barang ok sesuai deskripsi kirim cepat,5
94,KUKE Disposable Mask KN95 Facemask Kesehatan Masker Wajah 5 Layer BNPB - KN95 1pcs,aan,puas bgtthank seller,5
95,KUKE Disposable Mask KN95 Facemask Kesehatan Masker Wajah 5 Layer BNPB - KN95 1pcs,M***d,mantap,5
96,KUKE Disposable Mask KN95 Facemask Kesehatan Masker Wajah 5 Layer BNPB - KN95 1pcs,Trian,mantap beli harga turun thanks,5
97,KUKE Disposable Mask KN95 Facemask Kesehatan Masker Wajah 5 Layer BNPB - KN95 1pcs,L***i,lumayan bagus harga murah,4
98,KUKE Disposable Mask KN95 Facemask Kesehatan Masker Wajah 5 Layer BNPB - KN95 1pcs,Ryan,kirim cepat barang sesuai,5
99,KUKE Disposable Mask KN95 Facemask Kesehatan Masker Wajah 5 Layer BNPB - KN95 1pcs,Hendry,tidak ada komentar,5
100,KUKE Disposable Mask KN95 Facemask Kesehatan Masker Wajah 5 Layer BNPB - KN95 1pcs,Eleonora,kirim cepat admin ramah,5
101,C care Duckbill 3D Stereo 3 Ply Isi 50 Pcs Masker Duckbill Import - - Hitam,i***d,barang sesuai deskripsi kirim cepat banget,5
102,C care Duckbill 3D Stereo 3 Ply Isi 50 Pcs Masker Duckbill Import - - Hitam,J***n,bagus,5
103,C care Duckbill 3D Stereo 3 Ply Isi 50 Pcs Masker Duckbill Import - - Hitam,I***I,kirim cepat respon jual oke,5
104,C care Duckbill 3D Stereo 3 Ply Isi 50 Pcs Masker Duckbill Import - - Hitam,Risca,masker tipis ya bunda,2
105,C care Duckbill 3D Stereo 3 Ply Isi 50 Pcs Masker Duckbill Import - - Hitam,ruth,bagusssss murah,5
106,C care Duckbill 3D Stereo 3 Ply Isi 50 Pcs Masker Duckbill Import - - Hitam,Nanda,sesuai cepat,5
107,C care Duckbill 3D Stereo 3 Ply Isi 50 Pcs Masker Duckbill Import - - Hitam,ijah,tidak ada komentar,5
108,C care Duckbill 3D Stereo 3 Ply Isi 50 Pcs Masker Duckbill Import - - Hitam,Oppie,terima kasih,5
109,C care Duckbill 3D Stereo 3 Ply Isi 50 Pcs Masker Duckbill Import - - Hitam,Hargianto,tidak ada komentar,5
110,C care Duckbill 3D Stereo 3 Ply Isi 50 Pcs Masker Duckbill Import - - Hitam,Syafaun,layan toko produk bagus,5
111,Masker KN95 Alkindo Masker Medis 5ply 1 Box 10 pcs - Masker Kesehatan - Putih,yuyun,baguuussss sesuai rapi kemas,5
112,Masker KN95 Alkindo Masker Medis 5ply 1 Box 10 pcs - Masker Kesehatan - Putih,L***a,ukur karet besar muka kadang masker merosot,3
113,Masker KN95 Alkindo Masker Medis 5ply 1 Box 10 pcs - Masker Kesehatan - Putih,H***y,bagus boxnya,5
114,Masker KN95 Alkindo Masker Medis 5ply 1 Box 10 pcs - Masker Kesehatan - Putih,L***y,ok banget kualitas proses,5
115,Masker KN95 Alkindo Masker Medis 5ply 1 Box 10 pcs - Masker Kesehatan - Putih,Ridwan,for nonmedical use its ok deskripsi sesuai asli,4
116,Masker KN95 Alkindo Masker Medis 5ply 1 Box 10 pcs - Masker Kesehatan - Putih,Duarte,kualitas masker jelek masker bolong jahit isi ply kalo jual bos,2
117,Masker KN95 Alkindo Masker Medis 5ply 1 Box 10 pcs - Masker Kesehatan - Putih,M***a,size telinga,1
118,Masker KN95 Alkindo Masker Medis 5ply 1 Box 10 pcs - Masker Kesehatan - Putih,Anandya,masker bagus kecil wajah,3
119,Masker KN95 Alkindo Masker Medis 5ply 1 Box 10 pcs - Masker Kesehatan - Putih,Leksono,kirim bagus barang sesuai,4
120,Masker KN95 Alkindo Masker Medis 5ply 1 Box 10 pcs - Masker Kesehatan - Putih,Zihan,lumanyan,5
121,Disposable Face Mask 50pcs/BOX Masker Wajah Kesehatan 3 Layer BNPB - Pack 10pcs,w***y,mantap,5
122,Disposable Face Mask 50pcs/BOX Masker Wajah Kesehatan 3 Layer BNPB - Pack 10pcs,M,barang cepat estimasi seller responsif packaging oke barang lengkap utuh terima kasih,5
123,Disposable Face Mask 50pcs/BOX Masker Wajah Kesehatan 3 Layer BNPB - Pack 10pcs,D***y,mantul fast respon kirim cepat,5
124,Disposable Face Mask 50pcs/BOX Masker Wajah Kesehatan 3 Layer BNPB - Pack 10pcs,Jack,sesuai foto kualitas bagus banget range harga langgan deh,5
125,Disposable Face Mask 50pcs/BOX Masker Wajah Kesehatan 3 Layer BNPB - Pack 10pcs,warham,langgan cuman mesan kemarin lumayan tunda hari kirim,4
126,Disposable Face Mask 50pcs/BOX Masker Wajah Kesehatan 3 Layer BNPB - Pack 10pcs,warham,mantap pesan,5
127,Disposable Face Mask 50pcs/BOX Masker Wajah Kesehatan 3 Layer BNPB - Pack 10pcs,novaris,respon cepat kirim kilat barang sesuai mantaps,5
128,Disposable Face Mask 50pcs/BOX Masker Wajah Kesehatan 3 Layer BNPB - Pack 10pcs,D***t,mantap beli,5
129,Disposable Face Mask 50pcs/BOX Masker Wajah Kesehatan 3 Layer BNPB - Pack 10pcs,A***i,proses cepatproduct sesuai,5
130,Disposable Face Mask 50pcs/BOX Masker Wajah Kesehatan 3 Layer BNPB - Pack 10pcs,P***t,kirim cepatmakasih,5
131,Masker Kesehatan 3ply Earloop isi 50 pcs,Halalova,kirim cepat barang bagus,5
132,Masker Kesehatan 3ply Earloop isi 50 pcs,H***y,barang selamat packing rapi kirim cepat kurrir ramah seller fast respon recommended pokok nya,5
133,Masker Kesehatan 3ply Earloop isi 50 pcs,Anggit,langgan masker mantap,5
134,Masker Kesehatan 3ply Earloop isi 50 pcs,HARIS,barang mantap respon cepattoko recommended belanja pesan langusng dikirimbelanja nya,5
135,Masker Kesehatan 3ply Earloop isi 50 pcs,G***u,fast respon order jm sore langsung kirim pakai gosend,5
136,Masker Kesehatan 3ply Earloop isi 50 pcs,FAJARNO,belanja pokok mantap,5
137,Masker Kesehatan 3ply Earloop isi 50 pcs,S***n,mantap kali,5
138,Masker Kesehatan 3ply Earloop isi 50 pcs,sugiarti,kirim cepat bareng sesuai pic tq,5
139,Masker Kesehatan 3ply Earloop isi 50 pcs,Kadek,good,5
140,Masker Kesehatan 3ply Earloop isi 50 pcs,John,barang sesuai tawar,5
141,Masker Karet Pink OneMed box 50pcs,H***l,proses cepat barang sesuai deskripsi packing box bubble wrap,5
142,Masker Karet Pink OneMed box 50pcs,Y***a,kali beli mantap cepat,5
143,Masker Karet Pink OneMed box 50pcs,R***s,emas bagus banget sip terima kasih,5
144,Masker Karet Pink OneMed box 50pcs,N***h,kaliny beli kirim cepat barang oke segel on recommended,5
145,Masker Karet Pink OneMed box 50pcs,M***r,admin nya ramah ditanyain ditawarin cancel barang kalo produk sih bagus orisinal aman toko keramean kali ya nya suruh cancel konsumen nya jual tingkat service nya,5
146,Masker Karet Pink OneMed box 50pcs,Enjel,bagus sip,5
147,Masker Karet Pink OneMed box 50pcs,H***o,fast respon packaging bagus tq,5
148,Masker Karet Pink OneMed box 50pcs,Dwi,puass banget masker onemed kualitas,5
149,Masker Karet Pink OneMed box 50pcs,M***t,late delivery brng ok,5
150,Masker Karet Pink OneMed box 50pcs,reredyah,sesuai,5
151,Masker 3M Nexcare N95 KN95 9501 - 3M 9501 Import,r***n,emas cepat masker andal pesawat bonus masker lumayan thank you seller,5
152,Masker 3M Nexcare N95 KN95 9501 - 3M 9501 Import,Moedji,barang bagus packingnya topmarkotop alias mantul puas minggu beli bonus tambah ya thanks,5
153,Masker 3M Nexcare N95 KN95 9501 - 3M 9501 Import,r***n,barang cepat recommended seller masker kf mmasker nya ketat aman sakit telinga pakai jam thankyou bonus seller,5
154,Masker 3M Nexcare N95 KN95 9501 - 3M 9501 Import,L***a,niattt banget vacum beli suka banget,5
155,Masker 3M Nexcare N95 KN95 9501 - 3M 9501 Import,r***n,cepat toko percaya beli masker mmakasih bonus pouch masker,5
156,Masker 3M Nexcare N95 KN95 9501 - 3M 9501 Import,Dhita,beli kali packing mantab masker asli tani terbang jam sukses sehat,5
157,Masker 3M Nexcare N95 KN95 9501 - 3M 9501 Import,S***l,ok,5
158,Masker 3M Nexcare N95 KN95 9501 - 3M 9501 Import,A***i,beda pesan nampaknya import china bonus beli auto star thank youu gann,5
159,Masker 3M Nexcare N95 KN95 9501 - 3M 9501 Import,M***l,pesan cepat proses sayang kurir banget packing rapi aman free pouch masker terima kasih,5
160,Masker 3M Nexcare N95 KN95 9501 - 3M 9501 Import,Bambang,very fast response barang ok banget good job,5
161,Facemask 50s / BOX Masker Wajah Kesehatan 3ply / Masker Mulut BNPB - Pack 10pcs,Arif,mantab bosssku terimakasih,5
162,Facemask 50s / BOX Masker Wajah Kesehatan 3ply / Masker Mulut BNPB - Pack 10pcs,Reza,sesuai pict barang bagus,5
163,Facemask 50s / BOX Masker Wajah Kesehatan 3ply / Masker Mulut BNPB - Pack 10pcs,Syahrul,masker terima terima kasih,5
164,Facemask 50s / BOX Masker Wajah Kesehatan 3ply / Masker Mulut BNPB - Pack 10pcs,Bayu,belanja toko cepat kirim packing rapi kualitas barang sesuai deskripsi,5
165,Facemask 50s / BOX Masker Wajah Kesehatan 3ply / Masker Mulut BNPB - Pack 10pcs,Alam,murah murah cucu suka pakai nya,5
166,Facemask 50s / BOX Masker Wajah Kesehatan 3ply / Masker Mulut BNPB - Pack 10pcs,NURHASANAH,fast respon kirim cepat sayang box khusus hijab penyok penyok sobek kasih note terang box lipat sajakrn jual pakai bagus box nya,5
167,Facemask 50s / BOX Masker Wajah Kesehatan 3ply / Masker Mulut BNPB - Pack 10pcs,Y***a,bareng sesuai,5
168,Facemask 50s / BOX Masker Wajah Kesehatan 3ply / Masker Mulut BNPB - Pack 10pcs,Andi,cepat dkrm dterima kondisi bagus packing bagus rapi cepat everything is good puassssss deh puas,5
169,Facemask 50s / BOX Masker Wajah Kesehatan 3ply / Masker Mulut BNPB - Pack 10pcs,Chandra,produk bagus sesuai pesan thanks,5
170,Facemask 50s / BOX Masker Wajah Kesehatan 3ply / Masker Mulut BNPB - Pack 10pcs,Jhon,pesan box hijab box model hijab,5
171,Masker Karet Putih 3 Ply Daily Use Onemed Box Isi 50 Pcs,Luke,masak debu masuk masker hari,3
172,Masker Karet Putih 3 Ply Daily Use Onemed Box Isi 50 Pcs,Densi,tipis banding,2
173,Masker Karet Putih 3 Ply Daily Use Onemed Box Isi 50 Pcs,H***h,tipis banget masker beda onemed warna putih tipis,2
174,Masker Karet Putih 3 Ply Daily Use Onemed Box Isi 50 Pcs,Shandyka,quantitas sesuai pesan kemas box langsung masker masker bungkus plastik enak pakai masker terimakasih layan cepat,5
175,Masker Karet Putih 3 Ply Daily Use Onemed Box Isi 50 Pcs,D,jossss wes,5
176,Masker Karet Putih 3 Ply Daily Use Onemed Box Isi 50 Pcs,Astri,bagus barang segel utuh bubble wrap kasih biar aman isi nytrima kasih,5
177,Masker Karet Putih 3 Ply Daily Use Onemed Box Isi 50 Pcs,Suci,kali beli masker puas kirim barang recomended,5
178,Masker Karet Putih 3 Ply Daily Use Onemed Box Isi 50 Pcs,Rani,tidak ada komentar,3
179,Masker Karet Putih 3 Ply Daily Use Onemed Box Isi 50 Pcs,Cipta,seller bintang,5
180,Masker Karet Putih 3 Ply Daily Use Onemed Box Isi 50 Pcs,Dafit,barang terima kasih,5
181,masker kf94 pink 4ply masker antivirus kesehatan isi 10pcs,Andy,olshop percaya barang sesuai pesan,5
182,masker kf94 pink 4ply masker antivirus kesehatan isi 10pcs,Ineu,bagussssss,5
183,masker kf94 pink 4ply masker antivirus kesehatan isi 10pcs,N***i,okeeee thankyou seller,5
184,masker kf94 pink 4ply masker antivirus kesehatan isi 10pcs,Javirus,sesuai pcs pengirimn cepat terima kasih seller,5
185,masker kf94 pink 4ply masker antivirus kesehatan isi 10pcs,Wahyu,siiiip,5
186,masker kf94 pink 4ply masker antivirus kesehatan isi 10pcs,Muji,proses puas barang kirim,5
187,masker kf94 pink 4ply masker antivirus kesehatan isi 10pcs,s***y,bonus,5
188,masker kf94 pink 4ply masker antivirus kesehatan isi 10pcs,T***r,cepat mantap,5
189,masker kf94 pink 4ply masker antivirus kesehatan isi 10pcs,widhi,cepat kirim,5
190,masker kf94 pink 4ply masker antivirus kesehatan isi 10pcs,Senny,tidak ada komentar,5
191,Disposable Mask KN95 Facemask Kesehatan Masker Wajah 5 Layer BNPB,Heri,alhamdulillah sesuai pesan barang bagus,5
192,Disposable Mask KN95 Facemask Kesehatan Masker Wajah 5 Layer BNPB,Toni,barang sesuai peaanan,5
193,Disposable Mask KN95 Facemask Kesehatan Masker Wajah 5 Layer BNPB,M***r,cerita beli pcs dikotakin kes bunafit ply sayang kwalitas premium,5
194,Disposable Mask KN95 Facemask Kesehatan Masker Wajah 5 Layer BNPB,R***n,brng nya dngn sesuai pesan bahan nya bagus sek napas nya makasihhhh,5
195,Disposable Mask KN95 Facemask Kesehatan Masker Wajah 5 Layer BNPB,AFRODI,masker lumayan bagus besi tempel maksimal,5
196,Disposable Mask KN95 Facemask Kesehatan Masker Wajah 5 Layer BNPB,Melina,beli kedau barang ok,5
197,Disposable Mask KN95 Facemask Kesehatan Masker Wajah 5 Layer BNPB,Alex,cepat komplit top,5
198,Disposable Mask KN95 Facemask Kesehatan Masker Wajah 5 Layer BNPB,Aris,mantulll,5
199,Disposable Mask KN95 Facemask Kesehatan Masker Wajah 5 Layer BNPB,Sekardewi,pesan plastik masker plastik masker masker,4
200,Disposable Mask KN95 Facemask Kesehatan Masker Wajah 5 Layer BNPB,Endang,kirim cepat barang sesuai foto kurir ramah,5
201,Masker KF94 4 Ply Isi 10 Pcs Masker Medis Kesehatan Kemasan Plastik - Putih,Usep,okeeehhh,5
202,Masker KF94 4 Ply Isi 10 Pcs Masker Medis Kesehatan Kemasan Plastik - Putih,Stephanus,dua kali beli sayang lambat respon order pagi kirim sore respon respon itu kirim besok barang bagus sesuai harga,5
203,Masker KF94 4 Ply Isi 10 Pcs Masker Medis Kesehatan Kemasan Plastik - Putih,Rahmat,barang sesuai minta bagus komunikasi jual beli pro aktif,5
204,Masker KF94 4 Ply Isi 10 Pcs Masker Medis Kesehatan Kemasan Plastik - Putih,Alden,bagus masker,5
205,Masker KF94 4 Ply Isi 10 Pcs Masker Medis Kesehatan Kemasan Plastik - Putih,Husin,barang sesuai pesan,5
206,Masker KF94 4 Ply Isi 10 Pcs Masker Medis Kesehatan Kemasan Plastik - Putih,Febby,panas pakai,3
207,Masker KF94 4 Ply Isi 10 Pcs Masker Medis Kesehatan Kemasan Plastik - Putih,n***l,proses barang jemput kurir banget anjas pokok,5
208,Masker KF94 4 Ply Isi 10 Pcs Masker Medis Kesehatan Kemasan Plastik - Putih,Heni,pengirimn cepat produk bagus konsumen suka makasih,5
209,Masker KF94 4 Ply Isi 10 Pcs Masker Medis Kesehatan Kemasan Plastik - Putih,Yati,bagus kirim cepat,5
210,Masker KF94 4 Ply Isi 10 Pcs Masker Medis Kesehatan Kemasan Plastik - Putih,Husin,barang sesuai pesan kirim cepat,5
211,Softies Surgical Mask 30s isi 30 Masker Medis (spt Sensi Nexcare 3M),l***h,layan bagusseller ramah cepat reply chatdan kirim cepat buka dusnyarecommemded,5
212,Softies Surgical Mask 30s isi 30 Masker Medis (spt Sensi Nexcare 3M),M***M,packingnya rapi bagus barang sesuai,5
213,Softies Surgical Mask 30s isi 30 Masker Medis (spt Sensi Nexcare 3M),Agung,kirim cepat packing kardus,5
214,Softies Surgical Mask 30s isi 30 Masker Medis (spt Sensi Nexcare 3M),D***q,barang terima terima kasih,5
215,Softies Surgical Mask 30s isi 30 Masker Medis (spt Sensi Nexcare 3M),Haernudin,mantap thanks,5
216,Softies Surgical Mask 30s isi 30 Masker Medis (spt Sensi Nexcare 3M),D***n,cepat akurat,5
217,Softies Surgical Mask 30s isi 30 Masker Medis (spt Sensi Nexcare 3M),R***l,original recommended seller,5
218,Softies Surgical Mask 30s isi 30 Masker Medis (spt Sensi Nexcare 3M),Andriana,pengirimannyamantul gan,5
219,Softies Surgical Mask 30s isi 30 Masker Medis (spt Sensi Nexcare 3M),Andreas,packing rapi cepat,5
220,Softies Surgical Mask 30s isi 30 Masker Medis (spt Sensi Nexcare 3M),L***y,barang sesuai tawar,5
221,MIISOO Disposable N95 KN95 Korea KF94 Masker Kesehatan masker evo 4ply - EVO 1pcs,J***r,good product and fast response,5
222,MIISOO Disposable N95 KN95 Korea KF94 Masker Kesehatan masker evo 4ply - EVO 1pcs,yuri,tq,5
223,MIISOO Disposable N95 KN95 Korea KF94 Masker Kesehatan masker evo 4ply - EVO 1pcs,Kezia,puasssss order,5
224,MIISOO Disposable N95 KN95 Korea KF94 Masker Kesehatan masker evo 4ply - EVO 1pcs,M***i,bagusssss,5
225,MIISOO Disposable N95 KN95 Korea KF94 Masker Kesehatan masker evo 4ply - EVO 1pcs,S***i,masker tipe kf,5
226,MIISOO Disposable N95 KN95 Korea KF94 Masker Kesehatan masker evo 4ply - EVO 1pcs,Andin,barang aman coba moga nyaman pakai,5
227,MIISOO Disposable N95 KN95 Korea KF94 Masker Kesehatan masker evo 4ply - EVO 1pcs,endang,barang sesuai deskripsi harga jangkau fast respon,5
228,MIISOO Disposable N95 KN95 Korea KF94 Masker Kesehatan masker evo 4ply - EVO 1pcs,Fikri,better ya,4
229,MIISOO Disposable N95 KN95 Korea KF94 Masker Kesehatan masker evo 4ply - EVO 1pcs,Wiggo,packing oke pakai dus tambah,5
230,MIISOO Disposable N95 KN95 Korea KF94 Masker Kesehatan masker evo 4ply - EVO 1pcs,S***n,kualitas lumayan,4
231,THANKFUL - Masker Headloop Anak 4 Ply | Masker Anak Karet | Face Mask,Ninna,beli menurit masker lembut nyaman masker beli karet kuat gampang putus ikin sek cocok banget banget anak sayang harga lumayan moga diskon ya,5
232,THANKFUL - Masker Headloop Anak 4 Ply | Masker Anak Karet | Face Mask,Fabiola,beli rising,5
233,THANKFUL - Masker Headloop Anak 4 Ply | Masker Anak Karet | Face Mask,S***a,bagus kualitas pakcagin aman lembut anak,5
234,THANKFUL - Masker Headloop Anak 4 Ply | Masker Anak Karet | Face Mask,Benny,terima kasih gan barang terima bahan lembut kirim cepat,5
235,THANKFUL - Masker Headloop Anak 4 Ply | Masker Anak Karet | Face Mask,H***i,faste respond,5
236,THANKFUL - Masker Headloop Anak 4 Ply | Masker Anak Karet | Face Mask,m***i,bahan halus banget halus merek sih,5
237,THANKFUL - Masker Headloop Anak 4 Ply | Masker Anak Karet | Face Mask,Bony,packing rapi,5
238,THANKFUL - Masker Headloop Anak 4 Ply | Masker Anak Karet | Face Mask,Novi,bagus cepat,5
239,THANKFUL - Masker Headloop Anak 4 Ply | Masker Anak Karet | Face Mask,resty,packing rapi kualitas oke,5
240,THANKFUL - Masker Headloop Anak 4 Ply | Masker Anak Karet | Face Mask,Chardova,produk original sesuai deskripsi kirim cepat harga produk respon jual,5
241,Nexcare 3M Masker 3 Lapis Earloop 3 Ply Daily Mask - 1 Box (36 Masker),Handana,kemas rapi,5
242,Nexcare 3M Masker 3 Lapis Earloop 3 Ply Daily Mask - 1 Box (36 Masker),F***i,asa tipis indmret indmret ply yasoalnya kalo kesana beli nexcare,3
243,Nexcare 3M Masker 3 Lapis Earloop 3 Ply Daily Mask - 1 Box (36 Masker),n***a,beli box bonus kf kirimminta produk foto proses complain bonus foto produk,4
244,Nexcare 3M Masker 3 Lapis Earloop 3 Ply Daily Mask - 1 Box (36 Masker),W***m,produk bagus original kirim cepat,5
245,Nexcare 3M Masker 3 Lapis Earloop 3 Ply Daily Mask - 1 Box (36 Masker),Elike,packing amburadul dus masker penyok penyok nya dus nyasampai buka isolasi,2
246,Nexcare 3M Masker 3 Lapis Earloop 3 Ply Daily Mask - 1 Box (36 Masker),J***y,sih packingnya bagus kali pesan dus penyok untung dalem plastik,3
247,Nexcare 3M Masker 3 Lapis Earloop 3 Ply Daily Mask - 1 Box (36 Masker),A***t,thanks barang terima,5
248,Nexcare 3M Masker 3 Lapis Earloop 3 Ply Daily Mask - 1 Box (36 Masker),Z***n,mantapssss,5
249,Nexcare 3M Masker 3 Lapis Earloop 3 Ply Daily Mask - 1 Box (36 Masker),I***n,top,5
250,Nexcare 3M Masker 3 Lapis Earloop 3 Ply Daily Mask - 1 Box (36 Masker),Y***i,packing rapipesanan sesuai,5
251,Baru! Masker Kain Airycool 3D Dewasa Anti Mikrobial dan Air (10 pcs) - Kids White,I***a,barang bagus recommended banget,5
252,Baru! Masker Kain Airycool 3D Dewasa Anti Mikrobial dan Air (10 pcs) - Kids White,a***s,produk kualitas manfaat mari jaga virus covid tks,5
253,Baru! Masker Kain Airycool 3D Dewasa Anti Mikrobial dan Air (10 pcs) - Kids White,Y***z,size bahan ok,5
254,Baru! Masker Kain Airycool 3D Dewasa Anti Mikrobial dan Air (10 pcs) - Kids White,N***a,bagus bahan sukaaaaa,5
255,Baru! Masker Kain Airycool 3D Dewasa Anti Mikrobial dan Air (10 pcs) - Kids White,a***s,produk manfaat kualitas anakanak mari jaga pandemi covid,5
256,Baru! Masker Kain Airycool 3D Dewasa Anti Mikrobial dan Air (10 pcs) - Kids White,n***a,banget ukurannyaselalu cocok masker sritexgood quality,5
257,Baru! Masker Kain Airycool 3D Dewasa Anti Mikrobial dan Air (10 pcs) - Kids White,Medyarti,kirim supeeeer cepat order subuh malam kemas rapi banget pakai bubble warp kotak masker tebal sesuai gambar puaas banget layan,5
258,Baru! Masker Kain Airycool 3D Dewasa Anti Mikrobial dan Air (10 pcs) - Kids White,Tutiek,bagus moga tali awet,5
259,Baru! Masker Kain Airycool 3D Dewasa Anti Mikrobial dan Air (10 pcs) - Kids White,Hery,ok,5
260,Baru! Masker Kain Airycool 3D Dewasa Anti Mikrobial dan Air (10 pcs) - Kids White,Aan,respon cepat malam order siang mantap,5
261,Face Mask Earloop 50pcs Masker mulut/ Masker Wajah Kesehatan 3ply BNPB - Pack 10pcs,Revan,thx sesuai ekspetasi beli,5
262,Face Mask Earloop 50pcs Masker mulut/ Masker Wajah Kesehatan 3ply BNPB - Pack 10pcs,dunia,bagus layan cepat,4
263,Face Mask Earloop 50pcs Masker mulut/ Masker Wajah Kesehatan 3ply BNPB - Pack 10pcs,Asib,barang nya sesuai pesan terima kasih toped,5
264,Face Mask Earloop 50pcs Masker mulut/ Masker Wajah Kesehatan 3ply BNPB - Pack 10pcs,V***a,kirim packing amanseller responsif deh beli kaliterima kasih,5
265,Face Mask Earloop 50pcs Masker mulut/ Masker Wajah Kesehatan 3ply BNPB - Pack 10pcs,Ariel,responsif barang cepat packing rapi muas terima kasih gan,5
266,Face Mask Earloop 50pcs Masker mulut/ Masker Wajah Kesehatan 3ply BNPB - Pack 10pcs,t***a,produk selamat barang bagus packingan lumayan aman mohon tingkat packingan terima kasih,5
267,Face Mask Earloop 50pcs Masker mulut/ Masker Wajah Kesehatan 3ply BNPB - Pack 10pcs,Ariyanto,merk dus masker merk kualitas ya masker merk pakai buka langsung putus tali,3
268,Face Mask Earloop 50pcs Masker mulut/ Masker Wajah Kesehatan 3ply BNPB - Pack 10pcs,SOFYAN,keren,5
269,Face Mask Earloop 50pcs Masker mulut/ Masker Wajah Kesehatan 3ply BNPB - Pack 10pcs,Lucky,order pagi sore pakai gratis ongkir sameday barang bagus sesuai harga,5
270,Face Mask Earloop 50pcs Masker mulut/ Masker Wajah Kesehatan 3ply BNPB - Pack 10pcs,I***n,bagus tipis beli selisih ribu doang,4
271,Goto Disposable Mask KN 95 Facemask 5Ply Earloop Masker KN95 5 Ply - 10 pcs,T***o,tali nya sakit kuping pakai lama,1
272,Goto Disposable Mask KN 95 Facemask 5Ply Earloop Masker KN95 5 Ply - 10 pcs,Anisah,masker tali sakit dikupingmantap,4
273,Goto Disposable Mask KN 95 Facemask 5Ply Earloop Masker KN95 5 Ply - 10 pcs,Rizal,terima kasih,5
274,Goto Disposable Mask KN 95 Facemask 5Ply Earloop Masker KN95 5 Ply - 10 pcs,Fitria,bagus dalem plastik moga aman,5
275,Goto Disposable Mask KN 95 Facemask 5Ply Earloop Masker KN95 5 Ply - 10 pcs,R***a,service bagus delivery,5
276,Goto Disposable Mask KN 95 Facemask 5Ply Earloop Masker KN95 5 Ply - 10 pcs,Taufiq,barang terima,5
277,Goto Disposable Mask KN 95 Facemask 5Ply Earloop Masker KN95 5 Ply - 10 pcs,T***h,murah kualitas dipakenya enak,5
278,Goto Disposable Mask KN 95 Facemask 5Ply Earloop Masker KN95 5 Ply - 10 pcs,Beta,paket terima oke respon seller cepat proses pesan cepat kualitas oke sesuai gambar pesan terima kasih moga sukses,5
279,Goto Disposable Mask KN 95 Facemask 5Ply Earloop Masker KN95 5 Ply - 10 pcs,Syarizal,kirim cepatmantappp,5
280,Goto Disposable Mask KN 95 Facemask 5Ply Earloop Masker KN95 5 Ply - 10 pcs,Cecep,kualitas bagus recommended,5
281,Madame Gie Protect You KN95 Mask - Masker Kesehatan,A***i,kaget kemas sesuai bayang beli hrga kejar diskon kalo hrga normal rapi ya ribu banding ribu btw terima kasih masker kakak,5
282,Madame Gie Protect You KN95 Mask - Masker Kesehatan,S***a,sesuai deskripsi,5
283,Madame Gie Protect You KN95 Mask - Masker Kesehatan,C***a,terima,5
284,Madame Gie Protect You KN95 Mask - Masker Kesehatan,Afrizal,kayak masker jenis merkembossed ati teman tipu merk nya,2
285,Madame Gie Protect You KN95 Mask - Masker Kesehatan,M***i,thanks gan barang,5
286,Madame Gie Protect You KN95 Mask - Masker Kesehatan,Ramadhan,barang bagus sampai cepat bungkus aman,5
287,Madame Gie Protect You KN95 Mask - Masker Kesehatan,ANTON,ok,5
288,Madame Gie Protect You KN95 Mask - Masker Kesehatan,Joko,tidak ada komentar,5
289,Madame Gie Protect You KN95 Mask - Masker Kesehatan,ANTON,mantab,5
290,Madame Gie Protect You KN95 Mask - Masker Kesehatan,Maria,nya sesuai ekspektasi dipacking masker pesan toko packing aman rapi,5
291,Buy 1 Get 1 - Masker Primero - Sachet,A***g,kualitas barang kirim cepat nya,5
292,Buy 1 Get 1 - Masker Primero - Sachet,Ayu,good produk kemas higienis pcs masker plastik kirim cepat kualitas ok,5
293,Buy 1 Get 1 - Masker Primero - Sachet,a***a,deskripsi produk sesuai terima iram slow respon kotak penyok bubble wrap kotak masker tipis,5
294,Buy 1 Get 1 - Masker Primero - Sachet,M***y,top keren,5
295,Buy 1 Get 1 - Masker Primero - Sachet,M***l,parahini masker hargany overpersis harga ribu dus official store tokopedia selektif barang mutu over price masker sertifikasi daily maskdijual harga surgical mask,2
296,Buy 1 Get 1 - Masker Primero - Sachet,a***a,barang kirim sesuai deskripsi tera ijin kemenkes tanggal exp date kotak kirim pesan kotak penyok packing masuk dus untung lindung bubble wrap,3
297,Buy 1 Get 1 - Masker Primero - Sachet,Teguh,kotak penyok sana mngkn expediai,2
298,Buy 1 Get 1 - Masker Primero - Sachet,F***a,barang sesuai kualitas kardus penyok next time order kalo promo tarik banyak promonya,3
299,Buy 1 Get 1 - Masker Primero - Sachet,N***a,harga promo murah kirim promo,4
300,Buy 1 Get 1 - Masker Primero - Sachet,G***g,proses kirim sabar ya temanteman beli paket cuman bubble wrap penyok enggak apa isi packagingnya pcs sealed aman kualitas masker coba pakai merk beli minimarket bagus kualitas,2
301,Masker KN95 Mouson Pro isi 10pcs - MOUSONPRO WHITE,F***r,"barang cepat sampai,sesuai pesanan..",4
302,Masker KN95 Mouson Pro isi 10pcs - MOUSONPRO WHITE, imam, Pengiriman cepat dan rapih terima kasih üòé,5
303,Masker KN95 Mouson Pro isi 10pcs - MOUSONPRO WHITE, CeramicsNusa, Barang sudah sampai. Barang bagus.,5
304,Masker KN95 Mouson Pro isi 10pcs - MOUSONPRO WHITE,B***o,  Produk sesuai diskripsi. Masker nyaman dipakai. Sangat cocok utk wajah yang lebar. Respon penjual bagus. Terima kasih,5
305,Masker KN95 Mouson Pro isi 10pcs - MOUSONPRO WHITE, Rizky," dalemnya warna hitam, padahal sebel beli udah nanya dan kata seller putih. seller nawarin retur tp ya percuma semua dalemnya hitam",2
306,Masker KN95 Mouson Pro isi 10pcs - MOUSONPRO WHITE, Michael, Barang dikirim kurang namun setelah komplain langsung dikirim terbaik lahh,5
307,Masker KN95 Mouson Pro isi 10pcs - MOUSONPRO WHITE, Muljadi, Barang dan warna sesuai pesanan. Ada bonus 5 buah.üëçüëçüëçüëç,5
308,Masker KN95 Mouson Pro isi 10pcs - MOUSONPRO WHITE, D***y,"Respon cepat, kurir cepat, packing plastik, produk sdh request yg mouson 2023, putih diksh mouson biasa uk nya kan berbeda.",5
309,Masker KN95 Mouson Pro isi 10pcs - MOUSONPRO WHITE, I***S, ternyata lbh kecil dr yg biasa sy beli,2
310,Masker KN95 Mouson Pro isi 10pcs - MOUSONPRO WHITE, P***r," barang sesuai, response pengiriman cepat",5
311,Shumu Masker Duckbill 4ply Earloop 4 ply Sensi Garis Hidung isi 10 pcs - KEA DB BLACK, H," Kualitas barang baik, layanan dan pengiriman juga baik dan cepat. Recommended!",5
312,Shumu Masker Duckbill 4ply Earloop 4 ply Sensi Garis Hidung isi 10 pcs - KEA DB BLACK, al, good and thanks,5
313,Shumu Masker Duckbill 4ply Earloop 4 ply Sensi Garis Hidung isi 10 pcs - KEA DB BLACK, s***a, pengirimannya super lemot pake ant aj,1
314,Shumu Masker Duckbill 4ply Earloop 4 ply Sensi Garis Hidung isi 10 pcs - KEA DB BLACK, Rizky, sesuai pesanan,5
315,Shumu Masker Duckbill 4ply Earloop 4 ply Sensi Garis Hidung isi 10 pcs - KEA DB BLACK, F***i, barangnya sudah sampai makasih semoga sukses,5
316,Shumu Masker Duckbill 4ply Earloop 4 ply Sensi Garis Hidung isi 10 pcs - KEA DB BLACK, A***o, okeeee....,5
317,Shumu Masker Duckbill 4ply Earloop 4 ply Sensi Garis Hidung isi 10 pcs - KEA DB BLACK, Iga," Ini pembelian kedua saya, krn barangnya memuaskan dan sesuai dgn deskripsi yg diinfokan toko",5
318,Shumu Masker Duckbill 4ply Earloop 4 ply Sensi Garis Hidung isi 10 pcs - KEA DB BLACK, E***n," pengeringan cepat, sesuai pesanan, packing aman, terimakasih",5
319,Shumu Masker Duckbill 4ply Earloop 4 ply Sensi Garis Hidung isi 10 pcs - KEA DB BLACK, L***i," Packing aman, masker sesuai pesanan, de best lah belanja disini",5
320,Shumu Masker Duckbill 4ply Earloop 4 ply Sensi Garis Hidung isi 10 pcs - KEA DB BLACK, Y***s," barang yg dtng sesuai dengan yg di foto,bagus,mantab",5
321,Masker bedah karet onemed hitam medis all black 3ply isi 25pcs, R***n, baguss .. dipake nyaman. mureh meriah,5
322,Masker bedah karet onemed hitam medis all black 3ply isi 25pcs, A***a," Admin respon cepat, pengiriman cepat & diterima kondisi baik. Terima kasih.",5
323,Masker bedah karet onemed hitam medis all black 3ply isi 25pcs, Agung," Recommended product and seller, thank you",5
324,Masker bedah karet onemed hitam medis all black 3ply isi 25pcs, Mbako, Barang sdh diterima dg baik. TK,5
325,Masker bedah karet onemed hitam medis all black 3ply isi 25pcs, R***i, Bagus,5
326,Masker bedah karet onemed hitam medis all black 3ply isi 25pcs, M***d, paking yahud.. box nya msh utuh.. segel msh ok..,5
327,Masker bedah karet onemed hitam medis all black 3ply isi 25pcs, A***e, barang di retur duit tidak dikembalikan,2
328,Masker bedah karet onemed hitam medis all black 3ply isi 25pcs, Y***f, Bahannya tipis banget kaya tisu! Najis,1
329,Masker bedah karet onemed hitam medis all black 3ply isi 25pcs, lawyer," barang tidak sesuai yang dibilang sama dengan gambar, tak sesuai deskripsi,",1
330,Masker bedah karet onemed hitam medis all black 3ply isi 25pcs, Sofyan," Maskernya bagus, bahan lembut dan tebal, mksh",5
331,[ KEA ] MASKER KN95 6PLY PREMIUM ISI 10 PCS KOREA DESIGN KN 95 WARNA - Putih, V***r,"seller responsif, barang sesuai deskripsi, pengepakan barang top, pengiriman cepat,,,",5
332,[ KEA ] MASKER KN95 6PLY PREMIUM ISI 10 PCS KOREA DESIGN KN 95 WARNA - Putih, l***a," tibanya CPT,masker segelnya aman,tebal,bgs.harga terjangkau.mantap",5
333,[ KEA ] MASKER KN95 6PLY PREMIUM ISI 10 PCS KOREA DESIGN KN 95 WARNA - Putih, Y***e," maskernya bagus , pengiriman cepat",5
334,[ KEA ] MASKER KN95 6PLY PREMIUM ISI 10 PCS KOREA DESIGN KN 95 WARNA - Putih, N***R, kuaƒ∫itas barang bagus,5
335,[ KEA ] MASKER KN95 6PLY PREMIUM ISI 10 PCS KOREA DESIGN KN 95 WARNA - Putih, kristina," enak dipakai,pengiriman cepat,respon seller cepat",5
336,[ KEA ] MASKER KN95 6PLY PREMIUM ISI 10 PCS KOREA DESIGN KN 95 WARNA - Putih, artha, Lecek - Lecek masker nya,3
337,[ KEA ] MASKER KN95 6PLY PREMIUM ISI 10 PCS KOREA DESIGN KN 95 WARNA - Putih,R***a,"  Sesuai pesanan. Kualitas masker bagus, nyaman dipakai, bahannya tebal, warnanya cantik. Packaging rapi.",5
338,[ KEA ] MASKER KN95 6PLY PREMIUM ISI 10 PCS KOREA DESIGN KN 95 WARNA - Putih, E***g, Ada yg talinya putus,1
339,[ KEA ] MASKER KN95 6PLY PREMIUM ISI 10 PCS KOREA DESIGN KN 95 WARNA - Putih, gevita, Tidak lengkap/salah kirim,1
340,[ KEA ] MASKER KN95 6PLY PREMIUM ISI 10 PCS KOREA DESIGN KN 95 WARNA - Putih, W***a,"ada 1 masker yang talinya begitu. dan masker yang katanya 5ply, ternyata paling tipis diantara masker yang saya beli.",2
341,(50 pcs) Masker MOUSON KN95 Premium 5 PLY KN 95 Tebal - Lentur - Putih, ratihm,"bagus, bahan tebal, tali karet tidak mudah putus",5
342,(50 pcs) Masker MOUSON KN95 Premium 5 PLY KN 95 Tebal - Lentur - Putih,Lili,mksh,5
343,(50 pcs) Masker MOUSON KN95 Premium 5 PLY KN 95 Tebal - Lentur - Putih,Brian,"barang sesuai deskripsi, pengirimannya cepat, dan juga nyaman dipakai",5
344,(50 pcs) Masker MOUSON KN95 Premium 5 PLY KN 95 Tebal - Lentur - Putih,aloysius,trims respon cepat. barang dah diterima.semua okeüëçüëçüëçüëç,5
345,(50 pcs) Masker MOUSON KN95 Premium 5 PLY KN 95 Tebal - Lentur - Putih,m***e,"Karetnya pendek2 semua, kualitas tdk sama seperti yg sebelumnya, dipake di kepala pd copot tali nya, mengecewakan",2
346,(50 pcs) Masker MOUSON KN95 Premium 5 PLY KN 95 Tebal - Lentur - Putih,V***y,sesuai pesanan packing rqpih,5
347,(50 pcs) Masker MOUSON KN95 Premium 5 PLY KN 95 Tebal - Lentur - Putih,Allan,bagus pake banget masker nya. nyaman dipake. karetnya juga berasa kuat. Mantaap,5
348,(50 pcs) Masker MOUSON KN95 Premium 5 PLY KN 95 Tebal - Lentur - Putih,B***a,Bagus,5
349,(50 pcs) Masker MOUSON KN95 Premium 5 PLY KN 95 Tebal - Lentur - Putih,widia,barang tidak nyampe,1
350,(50 pcs) Masker MOUSON KN95 Premium 5 PLY KN 95 Tebal - Lentur - Putih,R***a,"tali tdk lengkap, cuma sebelah jd TDK bs dipakai. ukuran dewasa tp sempit. tali cpt putis",2
351,MASKER 3M 9501V+ KN95 N95 EARLOOP IMPORT ORIGINALL 1 BAG ISI 25 PCS,R***y,recommended seller,5
352,MASKER 3M 9501V+ KN95 N95 EARLOOP IMPORT ORIGINALL 1 BAG ISI 25 PCS,Riza,"Pelayanan cepat dan ramah, packing rapi tdk ada yg rusak dan barang masih tersegel. Thanks",5
353,MASKER 3M 9501V+ KN95 N95 EARLOOP IMPORT ORIGINALL 1 BAG ISI 25 PCS,M***d,"Fast response, barang ori, recommended",5
354,MASKER 3M 9501V+ KN95 N95 EARLOOP IMPORT ORIGINALL 1 BAG ISI 25 PCS,Dr,"Ada 1 box yg berbeda, spt bekas krn lecek",3
355,MASKER 3M 9501V+ KN95 N95 EARLOOP IMPORT ORIGINALL 1 BAG ISI 25 PCS,Michael,Recomended.................,5
356,MASKER 3M 9501V+ KN95 N95 EARLOOP IMPORT ORIGINALL 1 BAG ISI 25 PCS,Rendy,mantap ..tq Kak sdh saya terima dngn baiküôèüôè,5
357,Basicmeds Surgical Mask - Masker Medis/ 3Ply/ BFE99%/ Isi 50/ Biru,P***a,oke,5
358,Basicmeds Surgical Mask - Masker Medis/ 3Ply/ BFE99%/ Isi 50/ Biru,BPudjowahjanto,ok,5
359,Basicmeds Surgical Mask - Masker Medis/ 3Ply/ BFE99%/ Isi 50/ Biru,s***l,ok,5
360,Basicmeds Surgical Mask - Masker Medis/ 3Ply/ BFE99%/ Isi 50/ Biru,lina,kotaknya pada peot ka,2
361,Basicmeds Surgical Mask - Masker Medis/ 3Ply/ BFE99%/ Isi 50/ Biru,Suherman,Kendala: Kualitas barang bermasalah,1
362,Basicmeds Surgical Mask - Masker Medis/ 3Ply/ BFE99%/ Isi 50/ Biru,Sulistiawati,"pengiriman cepat, packing bagus, produk mantaaap",5
363,Basicmeds Surgical Mask - Masker Medis/ 3Ply/ BFE99%/ Isi 50/ Biru,hilim,bagus nyaman dipakai,5
364,Basicmeds Surgical Mask - Masker Medis/ 3Ply/ BFE99%/ Isi 50/ Biru,H***i,Maskernya sakit ternyata di pipi :(,1
365,Basicmeds Surgical Mask - Masker Medis/ 3Ply/ BFE99%/ Isi 50/ Biru,ruyani,barang sesuai pesanan.,5
366,Basicmeds Surgical Mask - Masker Medis/ 3Ply/ BFE99%/ Isi 50/ Biru,H***y,"kemasan masker tampak luar sudah oke, pas dibuka di dalamnya memang ada plastik lagi tapi tidak tertutup dengan sempurna, kalo untuk dijadikan stok jadi kurang hygienis karena debu masih tembusüôÑ,",2
367,Masker DUCKBILL CAREION 4PLY ISI 10 Warna Warni Pastel 4 Ply KEMENKES - DBION APRICOT,M***d,"Ok, masker ya jg sudah habis di pakai, Cuma ukurannya agak kecil untuk wajah saya jd pas¬≤an",4
368,Masker DUCKBILL CAREION 4PLY ISI 10 Warna Warni Pastel 4 Ply KEMENKES - DBION APRICOT,Rofik,sesuai dengan pesanan pengiriman termasuk cepat,5
369,Masker DUCKBILL CAREION 4PLY ISI 10 Warna Warni Pastel 4 Ply KEMENKES - DBION APRICOT,ani,bagus enak dipakenya,5
370,Masker DUCKBILL CAREION 4PLY ISI 10 Warna Warni Pastel 4 Ply KEMENKES - DBION APRICOT,Cak,"Mantap, joss gandos",5
371,Masker DUCKBILL CAREION 4PLY ISI 10 Warna Warni Pastel 4 Ply KEMENKES - DBION APRICOT,Kaisar,Sippp  ,5
372,Masker DUCKBILL CAREION 4PLY ISI 10 Warna Warni Pastel 4 Ply KEMENKES - DBION APRICOT,Theresia,"Barang tdk terkirim. Mohon pelayanan bagian gudang/packing lbh teliti dlm menyiapkan brg, dan cek ulang apakah sdh sesuai dg daftar orderan pembeli.",1
373,Masker DUCKBILL CAREION 4PLY ISI 10 Warna Warni Pastel 4 Ply KEMENKES - DBION APRICOT,Dwi,yg datang bukan merk careion...maskernya lebih tipis dari yg putih merk careion,1
374,Masker DUCKBILL CAREION 4PLY ISI 10 Warna Warni Pastel 4 Ply KEMENKES - DBION APRICOT,Kurnia,maskernya kecil bgt... COC k untuk anak kecilüò®,2
375,Masker DUCKBILL CAREION 4PLY ISI 10 Warna Warni Pastel 4 Ply KEMENKES - DBION APRICOT,a***u,"pengiriman lama bgt pakingnya ga tebel walaupun masker harusnya pakingnya rapih karena plastiknya udah bolong"" dikjt",2
376,Masker DUCKBILL CAREION 4PLY ISI 10 Warna Warni Pastel 4 Ply KEMENKES - DBION APRICOT,Joseph,barang datang sesuai pesanan,5
377,ONEMED - Masker 3 Ply Earloop Black | Surgical Mask | Masker OneMed,Irfan,Barang sesuai pesanan proses cepat,5
378,ONEMED - Masker 3 Ply Earloop Black | Surgical Mask | Masker OneMed,h***u,pembelian yang kesekian kali dan selalu bagus pelayanannya,5
379,ONEMED - Masker 3 Ply Earloop Black | Surgical Mask | Masker OneMed,S***a,masker sangat tipis,3
380,ONEMED - Masker 3 Ply Earloop Black | Surgical Mask | Masker OneMed,V***e,good,5
381,ONEMED - Masker 3 Ply Earloop Black | Surgical Mask | Masker OneMed,T***k,Mantaapp,5
382,ONEMED - Masker 3 Ply Earloop Black | Surgical Mask | Masker OneMed,I***m,lumayan halus,4
383,ONEMED - Masker 3 Ply Earloop Black | Surgical Mask | Masker OneMed,Ronald,murah dan berkualitas üëç,5
384,ONEMED - Masker 3 Ply Earloop Black | Surgical Mask | Masker OneMed,albertus,"pembelian kedua, barang jelek, kualitas bahan buruk, beda sama pembelian pertama‚Ä¶",1
385,ONEMED - Masker 3 Ply Earloop Black | Surgical Mask | Masker OneMed,J***y,"mudah sekali rusak, besi dihidung keluar terus",2
386,ONEMED - Masker 3 Ply Earloop Black | Surgical Mask | Masker OneMed,Jaka,kualitas barang sudah jelek. Sepertinya bahan baku dikurangi. Sangat kecewa masker semakin tipis dari sebelumnya.,1
387,[ SHUMU ] Masker KN95 6ply Medis kemenkes AKD KN 95 isi 10 pcs 6 PLY - KNGB 10 WHITE,H***y,Good product üëçüèº Good seller üëçüèº,5
388,[ SHUMU ] Masker KN95 6ply Medis kemenkes AKD KN 95 isi 10 pcs 6 PLY - KNGB 10 WHITE,Fenny,Bagusüëçüèª,5
389,[ SHUMU ] Masker KN95 6ply Medis kemenkes AKD KN 95 isi 10 pcs 6 PLY - KNGB 10 WHITE,Anwar,"barang sdh diterima sesuai pesanan,driver cepat kirimnya mantaaappp recommended",5
390,[ SHUMU ] Masker KN95 6ply Medis kemenkes AKD KN 95 isi 10 pcs 6 PLY - KNGB 10 WHITE,Luci,Warna Tidak sesuai pesanan,3
391,[ SHUMU ] Masker KN95 6ply Medis kemenkes AKD KN 95 isi 10 pcs 6 PLY - KNGB 10 WHITE,P***u,Barang bagus,5
392,[ SHUMU ] Masker KN95 6ply Medis kemenkes AKD KN 95 isi 10 pcs 6 PLY - KNGB 10 WHITE,BUNGA,Kualitas barang bagus. Respon dan pengiriman sangat cepat. Pertahankan pelayanan yang baik ya kak,5
393,[ SHUMU ] Masker KN95 6ply Medis kemenkes AKD KN 95 isi 10 pcs 6 PLY - KNGB 10 WHITE,Michael,cepat dan sesuai,5
394,[ SHUMU ] Masker KN95 6ply Medis kemenkes AKD KN 95 isi 10 pcs 6 PLY - KNGB 10 WHITE,Nahema,semua warnanya ku suka,5
395,[ SHUMU ] Masker KN95 6ply Medis kemenkes AKD KN 95 isi 10 pcs 6 PLY - KNGB 10 WHITE,Biogreenstoreku,"pesen yg pro, dikirim yg biasa",1
396,[ SHUMU ] Masker KN95 6ply Medis kemenkes AKD KN 95 isi 10 pcs 6 PLY - KNGB 10 WHITE,C***a,Merek yg tertera di halaman produk tdk sesuai dan tdk ada ijin dari kemenkes seperti tertulis di halaman produk,2
397,Masker Oncare Premium KN95 Pro Plus Premium Korea 5Ply isi 10Pcs - ONCR PLUS Black,Andreas,"kualitas barang bagus, seller responsif",5
398,Masker Oncare Premium KN95 Pro Plus Premium Korea 5Ply isi 10Pcs - ONCR PLUS Black,F***y,"packing ok , pengiriman cepat, produk baik",5
399,Masker Oncare Premium KN95 Pro Plus Premium Korea 5Ply isi 10Pcs - ONCR PLUS Black,Imelda,Warnanya kerennnn... üòç,5
400,Masker Oncare Premium KN95 Pro Plus Premium Korea 5Ply isi 10Pcs - ONCR PLUS Black,Howerd,"kualitas brg bagus, pengiriman jg cepat",5
401,Masker Oncare Premium KN95 Pro Plus Premium Korea 5Ply isi 10Pcs - ONCR PLUS Black,Edy,Barangnya sudah sampai Pengirimannya cepat Packing ok lah Thx u,5
402,Masker Oncare Premium KN95 Pro Plus Premium Korea 5Ply isi 10Pcs - ONCR PLUS Black,A***a,Maskernya ternyata ga fit jadi sering terlepas,3
403,Masker Oncare Premium KN95 Pro Plus Premium Korea 5Ply isi 10Pcs - ONCR PLUS Black,dasep,Warna nya di kirim hitam semua üòåüòå,4
404,Masker Oncare Premium KN95 Pro Plus Premium Korea 5Ply isi 10Pcs - ONCR PLUS Black,F***y,"pengiriman cepar, packing oklah, produk baik",5
405,Masker Oncare Premium KN95 Pro Plus Premium Korea 5Ply isi 10Pcs - ONCR PLUS Black,Brenda,"Ini payment dr hari sabtu selasa baru bilang stocknya abis, gimana sih??",1
406,Masker Oncare Premium KN95 Pro Plus Premium Korea 5Ply isi 10Pcs - ONCR PLUS Black,Pieter,Sesuai pesanan,5
407,Paket 2 Box M+ Surgical Mask Earloop 4 Ply - Masker Medis Isi 50 Pcs,Y***i,Sudah langganan nih. Tebel maskernya.,5
408,Paket 2 Box M+ Surgical Mask Earloop 4 Ply - Masker Medis Isi 50 Pcs,Y***s,Packing makin rapih dibanding beli pertama kali! Masker favorit aku.,5
409,Paket 2 Box M+ Surgical Mask Earloop 4 Ply - Masker Medis Isi 50 Pcs,Najmi,bagus,5
410,Paket 2 Box M+ Surgical Mask Earloop 4 Ply - Masker Medis Isi 50 Pcs,Metarina,"harusnya dikasi kardus lagi jadi kotak masker nya ga rusak, kayak gini kan ga enak diliat",3
411,Paket 2 Box M+ Surgical Mask Earloop 4 Ply - Masker Medis Isi 50 Pcs,N***g,sudah berkali kali beli masker ini...paling nyaman,5
412,Paket 2 Box M+ Surgical Mask Earloop 4 Ply - Masker Medis Isi 50 Pcs,K***a,Ini pembelian yg kesekian kali. Pelayanan cukup memuaskan. Thx,5
413,Paket 2 Box M+ Surgical Mask Earloop 4 Ply - Masker Medis Isi 50 Pcs,Sri,Kurang soft,5
414,Paket 2 Box M+ Surgical Mask Earloop 4 Ply - Masker Medis Isi 50 Pcs,Herni,"Barang bagus, nyaman dipakai. Packing sangat rapi dan aman, dikasi hadiah, Tks ya seller, makin laris dan bertambah rejeki. Sukses selalu",5
415,Paket 2 Box M+ Surgical Mask Earloop 4 Ply - Masker Medis Isi 50 Pcs,BinLaden,mantap.,5
416,Paket 2 Box M+ Surgical Mask Earloop 4 Ply - Masker Medis Isi 50 Pcs,Marcho,"gak tau perasaan sy aja atau memang masker kali ini rasanya agak sedikit tipis, gak seperti sebelum2nya agak tebal.",3
417,Masker Surgical Medis 5 PLY Masker Seven 5PLY Kemenkes AKD isi 50 pcs - 7 5ply Green,henrayani,langanan,5
418,Masker Surgical Medis 5 PLY Masker Seven 5PLY Kemenkes AKD isi 50 pcs - 7 5ply Green,S***i,"Packing, handling dan pengiriman selalu ok. Produk berkualitas sesuai deskripsi, makanya selalu order di sini. highly recommended seller.tq.",5
419,Masker Surgical Medis 5 PLY Masker Seven 5PLY Kemenkes AKD isi 50 pcs - 7 5ply Green,Roosmin,"bagus, sesuai pesanan",5
420,Masker Surgical Medis 5 PLY Masker Seven 5PLY Kemenkes AKD isi 50 pcs - 7 5ply Green,T***o,"Produk bagus, paking aman, pengiriman super cepat.",5
421,Masker Surgical Medis 5 PLY Masker Seven 5PLY Kemenkes AKD isi 50 pcs - 7 5ply Green,D***i,masker bagus dan sudah beberapa kali beli di toko ini.,5
422,Masker Surgical Medis 5 PLY Masker Seven 5PLY Kemenkes AKD isi 50 pcs - 7 5ply Green,Lisa,Recommended...üëç,5
423,Masker Surgical Medis 5 PLY Masker Seven 5PLY Kemenkes AKD isi 50 pcs - 7 5ply Green,S***a,Terima kasihüëçüëç,5
424,Masker Surgical Medis 5 PLY Masker Seven 5PLY Kemenkes AKD isi 50 pcs - 7 5ply Green,S***o,Maskernya bau..,1
425,Masker Surgical Medis 5 PLY Masker Seven 5PLY Kemenkes AKD isi 50 pcs - 7 5ply Green,M***c,"proses packing cepat, masker tidak berbau, lembut",5
426,Masker Surgical Medis 5 PLY Masker Seven 5PLY Kemenkes AKD isi 50 pcs - 7 5ply Green,F***o,barang sesuai deskripsi,5
427,Kosmemask - 1 Box Isi 20 Masker Kosme KM95 Breathable Mask Nano Silver,megawati,"tdk seperti tampilan fotonya warnanya tdk di sebut,maksud hati mau putih knp yg dtg hitam ü§≠ü§≠ü§≠",5
428,Kosmemask - 1 Box Isi 20 Masker Kosme KM95 Breathable Mask Nano Silver,Andi,Bagus Maskernya,5
429,Kosmemask - 1 Box Isi 20 Masker Kosme KM95 Breathable Mask Nano Silver,Yusuf,Bagus gadak yg cacat maskernya,5
430,Kosmemask - 1 Box Isi 20 Masker Kosme KM95 Breathable Mask Nano Silver,F***h,pengiriman lama sudah pilih same day datengnya 2 setelah pengiriman,3
431,Kosmemask - 1 Box Isi 20 Masker Kosme KM95 Breathable Mask Nano Silver,F***y,"Pengemasannya bagus, brg sampai dgn baik dan cepat ü´∞üèª Plg suka masker kosme km 95 ini, warna hitam lg üòÅ",5
432,Kosmemask - 1 Box Isi 20 Masker Kosme KM95 Breathable Mask Nano Silver,Yati,"Pesan tgl 21 Malam harusnya tiba tgl 22, baru terima hari ini karena dukirim ulang oleh team kurir",5
433,Kosmemask - 1 Box Isi 20 Masker Kosme KM95 Breathable Mask Nano Silver,Farid,terbaik,5
434,Kosmemask - 1 Box Isi 20 Masker Kosme KM95 Breathable Mask Nano Silver,L***a,"Works banget asli bagus,, jadi gausah beli2 konektor lagi kalo lagi mau pake kerudung , dan bagus nya kalo pake kacamata ga berembun karna nge press muka, good..",5
435,Kosmemask - 1 Box Isi 20 Masker Kosme KM95 Breathable Mask Nano Silver,Rizki,pesanan sesuai dan packaging ok,5
436,Kosmemask - 1 Box Isi 20 Masker Kosme KM95 Breathable Mask Nano Silver,F***e,sippppüëçü§©ü§©ü§©ü§©ü§©mantappppppü•∞ü•∞ü•∞ü•∞ü•∞ü•∞,5
437,[ CAREION ] MASKER 3PLY EARLOOP PREMIUM WARNA NUDE ISI 50 PCS 3 PLY - BASICMEDS PUTIH,Diyo,brg bagus sesuai pesanan...joss,5
438,[ CAREION ] MASKER 3PLY EARLOOP PREMIUM WARNA NUDE ISI 50 PCS 3 PLY - BASICMEDS PUTIH,Indra,"yaman, sip",5
439,[ CAREION ] MASKER 3PLY EARLOOP PREMIUM WARNA NUDE ISI 50 PCS 3 PLY - BASICMEDS PUTIH,Ferry,Produk nya OK. Proses dan pengiriman cepat,5
440,[ CAREION ] MASKER 3PLY EARLOOP PREMIUM WARNA NUDE ISI 50 PCS 3 PLY - BASICMEDS PUTIH,Ali,Barang sesuai harapan packing rapih dan aman proses cepat,5
441,[ CAREION ] MASKER 3PLY EARLOOP PREMIUM WARNA NUDE ISI 50 PCS 3 PLY - BASICMEDS PUTIH,Sabam,mantaaaappp respon penjualnya & produk baguuuuusss,5
442,[ CAREION ] MASKER 3PLY EARLOOP PREMIUM WARNA NUDE ISI 50 PCS 3 PLY - BASICMEDS PUTIH,Abetnico,"Order 3 Item, tpi dikirimkan hanya 2 Item",3
443,[ CAREION ] MASKER 3PLY EARLOOP PREMIUM WARNA NUDE ISI 50 PCS 3 PLY - BASICMEDS PUTIH,Dwi,Udah repeat order kesekian kalinya,5
444,[ CAREION ] MASKER 3PLY EARLOOP PREMIUM WARNA NUDE ISI 50 PCS 3 PLY - BASICMEDS PUTIH,pratiwi,warna sesuai baguss,5
445,[ CAREION ] MASKER 3PLY EARLOOP PREMIUM WARNA NUDE ISI 50 PCS 3 PLY - BASICMEDS PUTIH,V***a,"Pokoknya selalu langganan disini dr awal pandemi, mantap terimakasih",5
446,[ CAREION ] MASKER 3PLY EARLOOP PREMIUM WARNA NUDE ISI 50 PCS 3 PLY - BASICMEDS PUTIH,D***i,"Bagus, udah langganan warna ini mah",5
447,Masker Earloop Kn95 Kn 95 5 Ply 5Ply Cantol Hitam Black isi 10 pcs,Ahmad,"sipp cepat sampai,maskernya 4ply bukan 5ply,ya gpp lah masih bisa dipakai",5
448,Masker Earloop Kn95 Kn 95 5 Ply 5Ply Cantol Hitam Black isi 10 pcs,peewee,murah memadai,5
449,Masker Earloop Kn95 Kn 95 5 Ply 5Ply Cantol Hitam Black isi 10 pcs,d***y,pesanan ke 2 . belum di check in semua kualitasnya sama atau beda.. hehe fast respon yang penting mah..,5
450,Masker Earloop Kn95 Kn 95 5 Ply 5Ply Cantol Hitam Black isi 10 pcs,T***o,"Walau tanpa kardus, tetep ok...",5
451,Masker Earloop Kn95 Kn 95 5 Ply 5Ply Cantol Hitam Black isi 10 pcs,yudhi,Brg yg dikirim beda dengan gambar. Gbr kn956 yg dikirim duckbill. üëé üëé Seller tolong di drop aja item ini dr mengecewakan pembeli,5
452,Masker Earloop Kn95 Kn 95 5 Ply 5Ply Cantol Hitam Black isi 10 pcs,Pangeran,"KN95nya setipis harganya, üòÖ",5
453,Masker Earloop Kn95 Kn 95 5 Ply 5Ply Cantol Hitam Black isi 10 pcs,Joseph,masker yang dikirim bukan masker kn95 dan maskernya pun tipis. kecewa sama barang yang dikirim padahal ini pembelian ke 2,3
454,Masker Earloop Kn95 Kn 95 5 Ply 5Ply Cantol Hitam Black isi 10 pcs,f***n,"barang yg dikirimkan tidak sesuai gambar iklan. walaupun kn95, tapi berbeda dari yg diharapkan (sesuai gambar iklan)",2
455,Masker Earloop Kn95 Kn 95 5 Ply 5Ply Cantol Hitam Black isi 10 pcs,A***s,pesanan tidak sesuai! not good seller,1
456,Masker Earloop Kn95 Kn 95 5 Ply 5Ply Cantol Hitam Black isi 10 pcs,Lucia,"Respon dan pengirimannya cepat, barang sesuai dengan deskripsi. Terima kasih.",5
457,"MASKER ICARE DUCKBILL EMBOSS EARLOOP 4PLY PREMIUM QUALITY 50PCS I CARE - PUTIH EMBOSS, IC DB SACHET 25",Finala,sesuai dengan pesanan,5
458,"MASKER ICARE DUCKBILL EMBOSS EARLOOP 4PLY PREMIUM QUALITY 50PCS I CARE - PUTIH EMBOSS, IC DB SACHET 26",Hendra,repeat order...,5
459,"MASKER ICARE DUCKBILL EMBOSS EARLOOP 4PLY PREMIUM QUALITY 50PCS I CARE - PUTIH EMBOSS, IC DB SACHET 27",susanti,berbulu,1
460,"MASKER ICARE DUCKBILL EMBOSS EARLOOP 4PLY PREMIUM QUALITY 50PCS I CARE - PUTIH EMBOSS, IC DB SACHET 28",ichwan,Respon penjual dan kurir cepat.,5
461,"MASKER ICARE DUCKBILL EMBOSS EARLOOP 4PLY PREMIUM QUALITY 50PCS I CARE - PUTIH EMBOSS, IC DB SACHET 29",S***e,"permintaan warna gold yg dtg knp warnanya ky silver ke coklatan gelap gt kl lht aslinya , gak sesuai dgn pic di etalase nya... kecewa üòî",3
462,"MASKER ICARE DUCKBILL EMBOSS EARLOOP 4PLY PREMIUM QUALITY 50PCS I CARE - PUTIH EMBOSS, IC DB SACHET 30",H***n,Toppp om,5
463,"MASKER ICARE DUCKBILL EMBOSS EARLOOP 4PLY PREMIUM QUALITY 50PCS I CARE - PUTIH EMBOSS, IC DB SACHET 31",S***i,"Pengiriman cepat, masker nyaman dipakai, nafas lebih lega dan warna2 bagus",5
464,"MASKER ICARE DUCKBILL EMBOSS EARLOOP 4PLY PREMIUM QUALITY 50PCS I CARE - PUTIH EMBOSS, IC DB SACHET 32",icha,kesekian kalinya beli harga murah barang berkualitas sesuai pesanan,5
465,"MASKER ICARE DUCKBILL EMBOSS EARLOOP 4PLY PREMIUM QUALITY 50PCS I CARE - PUTIH EMBOSS, IC DB SACHET 33",P***o,"sesuai deskripsi, kualitas barang OK, dapat bonus 4 bh masker KN 95, terima kasih",5
466,"MASKER ICARE DUCKBILL EMBOSS EARLOOP 4PLY PREMIUM QUALITY 50PCS I CARE - PUTIH EMBOSS, IC DB SACHET 34",Agus,"barang ok, mantap",5
467,"MASKER ICARE DUCKBILL EMBOSS EARLOOP 4PLY PREMIUM QUALITY 50PCS I CARE - PUTIH EMBOSS, IC DB SACHET 35",Jessica,pesanan sesuai yg di request pengiriman cepat recommended seller,5
468,"MASKER ICARE DUCKBILL EMBOSS EARLOOP 4PLY PREMIUM QUALITY 50PCS I CARE - PUTIH EMBOSS, IC DB SACHET 36",Citra,"barang bagus , sesuai deskripsi no cacat packing rapi",5
469,"MASKER ICARE DUCKBILL EMBOSS EARLOOP 4PLY PREMIUM QUALITY 50PCS I CARE - PUTIH EMBOSS, IC DB SACHET 37",wasilatul,"puas banget ,terima kasih selalu dapat bonus masker",5
470,FILTCARE Masker KF94 Korea 4 ply Premium isi 10 pcs High Quality - FC KF 10 WHITE,D***t,"Pertama x order 2 packs n alhamdulillah maskernya bgs bener. Bhn n size nyaman di wjh. Warna cantik. Sy sk dg model ini krn enak dipakai buat yg berkacamata. Posisi kacamata bs pas. Krn suka n cocok, next sy akan order lg ya ",5
471,FILTCARE Masker KF94 Korea 4 ply Premium isi 10 pcs High Quality - FC KF 10 WHITE,Eddy,"Sdh diterima seller responsif, pengiriman cepat, terima kasih",5
472,FILTCARE Masker KF94 Korea 4 ply Premium isi 10 pcs High Quality - FC KF 10 WHITE,Putu,respon penjual cepat barang sesuai deakripsi dan diterima lebih cepat,5
473,FILTCARE Masker KF94 Korea 4 ply Premium isi 10 pcs High Quality - FC KF 10 WHITE,Miss,Barang okkkkk,5
474,FILTCARE Masker KF94 Korea 4 ply Premium isi 10 pcs High Quality - FC KF 10 WHITE,Djatty,masker nya sesuai pesanan..harga terjangkau...recomended,5
475,FILTCARE Masker KF94 Korea 4 ply Premium isi 10 pcs High Quality - FC KF 10 WHITE,R***s,ada beda merk 1.,4
476,FILTCARE Masker KF94 Korea 4 ply Premium isi 10 pcs High Quality - FC KF 10 WHITE,I***u,barang nya bagus üëç,5
477,FILTCARE Masker KF94 Korea 4 ply Premium isi 10 pcs High Quality - FC KF 10 WHITE,erini,sesuai pesanan & pengiriman cepat,5
478,FILTCARE Masker KF94 Korea 4 ply Premium isi 10 pcs High Quality - FC KF 10 WHITE,M***d,"masker pada lecek , packingnya tanpa kardus , langsung di lilit plastik",1
479,FILTCARE Masker KF94 Korea 4 ply Premium isi 10 pcs High Quality - FC KF 10 WHITE,ngawur,padahal untuk di jual kembali sungguh teganya dirimu,1
480,FILTCARE Masker KF94 Korea 4 ply Premium isi 10 pcs High Quality - FC KF 10 WHITE,h***s,pesan matcha di kirim putih,2
481,FILTCARE Masker KF94 Korea 4 ply Premium isi 10 pcs High Quality - FC KF 10 WHITE,A***n,"Diprosesnya lama.. Tali maskernya tdk sesuai yg di iklan. Tali masker yg ini sepengalaman saya cpet lepas, beda dengan tali masker yg di iklan itu lebih kuat. Agak sedikit kecewa.",2
482,"Masker ALKINDO DUCKBILL 3Ply (PUTIH) 50pcs/box, seperti sensi ducbill - 4 PLY PTH EMBOS",Fountain,good,5
483,"Masker ALKINDO DUCKBILL 3Ply (PUTIH) 50pcs/box, seperti sensi ducbill - 4 PLY PTH EMBOS",Y***a,sesuai pesanan..produk baguss dan pengiriman jg cepat. thank youüëç,5
484,"Masker ALKINDO DUCKBILL 3Ply (PUTIH) 50pcs/box, seperti sensi ducbill - 4 PLY PTH EMBOS",k***i,"sesuai pesanan, mantap, recommended seller",5
485,"Masker ALKINDO DUCKBILL 3Ply (PUTIH) 50pcs/box, seperti sensi ducbill - 4 PLY PTH EMBOS",shavyfallen,"barang sesuai pesanan,, pengiriman juga sangat cepat",5
486,"Masker ALKINDO DUCKBILL 3Ply (PUTIH) 50pcs/box, seperti sensi ducbill - 4 PLY PTH EMBOS",Rifai,"Packing barang rapih, pengiriman cepat sampai, barang bagus dan jumlah barang pas sesui pesanan tidak ada yang kurang, terimakasih.",5
487,"Masker ALKINDO DUCKBILL 3Ply (PUTIH) 50pcs/box, seperti sensi ducbill - 4 PLY PTH EMBOS",Budiman,"barang sesuai deskripsi, sudah sering order disini...pengiriman juga cepat sampai...",5
488,"Masker ALKINDO DUCKBILL 3Ply (PUTIH) 50pcs/box, seperti sensi ducbill - 4 PLY PTH EMBOS",E***a,sesuai pesanan. masker nyaman digunakan. thank you.,5
489,"Masker ALKINDO DUCKBILL 3Ply (PUTIH) 50pcs/box, seperti sensi ducbill - 4 PLY PTH EMBOS",irdarmansyah,barang nya yang dateng cuma 49 kurang 1 pcs.,2
490,"Masker ALKINDO DUCKBILL 3Ply (PUTIH) 50pcs/box, seperti sensi ducbill - 4 PLY PTH EMBOS",h***y,"Plastik bungkus kebuka, barang jatuh ke lantai. Sial sekali. Tks",5
491,"Masker ALKINDO DUCKBILL 3Ply (PUTIH) 50pcs/box, seperti sensi ducbill - 4 PLY PTH EMBOS",r***s,"Ga pakai dus..., dibungkus plastik aja dan terbuka. Steril ga ya...???",4
492,"Masker ALKINDO DUCKBILL 3Ply (PUTIH) 50pcs/box, seperti sensi ducbill - 4 PLY PTH EMBOS",buddhy,"barang sesuai apa yang digambarkan, ..respon sangat cepat, paking produk proper.....mantabs",5
493,[ DOC ] MASKER KF94 FFP2 4PLY ISI 25 SEGEL PER PCS EARLOOP CE0598 - HIJAUARMY 30PCS,Y***i,Top selalu beli disini üëç,5
494,[ DOC ] MASKER KF94 FFP2 4PLY ISI 25 SEGEL PER PCS EARLOOP CE0598 - HIJAUARMY 30PCS,Frans,sesuai pesanan. pelayanan cepat & kualitas bagus,5
495,[ DOC ] MASKER KF94 FFP2 4PLY ISI 25 SEGEL PER PCS EARLOOP CE0598 - HIJAUARMY 30PCS,Z***l,"mendarat dengan sempurna, terimakasih seller, dapat bonus tali masker lucuk, hihi. semoga laris seller aaamiiin",5
496,[ DOC ] MASKER KF94 FFP2 4PLY ISI 25 SEGEL PER PCS EARLOOP CE0598 - HIJAUARMY 30PCS,olivia,suka banget sm maskernya.. ga bikin sakit telinga n ga pengap juga. ud berkali2 repeat order ga pernah kecewa. thx u ya,4
497,[ DOC ] MASKER KF94 FFP2 4PLY ISI 25 SEGEL PER PCS EARLOOP CE0598 - HIJAUARMY 30PCS,Tuti,tdk sesuai harapan,1
498,[ DOC ] MASKER KF94 FFP2 4PLY ISI 25 SEGEL PER PCS EARLOOP CE0598 - HIJAUARMY 30PCS,eugenius,"Penjual mengirimkan masker palsu, berbeda dari yg di iklankan oleh penjual",1
499,[ DOC ] MASKER KF94 FFP2 4PLY ISI 25 SEGEL PER PCS EARLOOP CE0598 - HIJAUARMY 30PCS,Daud,gk sesuai dgn permintaan... saya jelas2 sudah tulis di catatan order & di diskusi sblm order tapi dikirim gk sesuai permintaan thx,2
500,[ DOC ] MASKER KF94 FFP2 4PLY ISI 25 SEGEL PER PCS EARLOOP CE0598 - HIJAUARMY 30PCS,o***a,beneran di packing satuan loh .. jd nya aman dibawa kemana2,5
501,[ DOC ] MASKER KF94 FFP2 4PLY ISI 25 SEGEL PER PCS EARLOOP CE0598 - HIJAUARMY 30PCS,Epe,Barang cepat diproses dan sesuai pesanan..,5
502,[ DOC ] MASKER KF94 FFP2 4PLY ISI 25 SEGEL PER PCS EARLOOP CE0598 - HIJAUARMY 30PCS,Anneke,"proses cepet banget, barang bagus. makasih bonus tali maskernya",5
503,[ DOC ] MASKER KF94 FFP2 4PLY ISI 25 SEGEL PER PCS EARLOOP CE0598 - HIJAUARMY 30PCS,david,semua sesuai pesanan. yg doc bungkus satuan n ada sambungan. diksh bonus 1 tali jg. pasti langganan lagi. mantep n thx,5
