,Nama_Produk,Akun,ulasan,rate,,,,,Ulasan_clean
1,Masker KF94 4 Ply Isi 10 Pcs Masker Medis Kesehatan Kemasan Plastik - Putih,Stephanus,keduakali beli tapi sayang yang kedua lambat dalam respon order pagi supaya bisa dikirim hari itu juga tapi sampai sore gak ada respon setelah ditanya baru respon itupun baru dikirim besoknya untuk barang bagus sesuai dengan harga,3,,,,,dua kali beli sayang lambat respon order pagi kirim sore respon respon itu kirim besok barang bagus sesuai harga
2,Masker KF94 4 Ply Isi 10 Pcs Masker Medis Kesehatan Kemasan Plastik - Putih,Yati,bagus pengiriman cepat,5,,,,,bagus kirim cepat
3,Masker KF94 4 Ply Isi 10 Pcs Masker Medis Kesehatan Kemasan Plastik - Putih,Husin,barang sesuai pesanan,4,,,,,barang sesuai pesan
4,Masker KF94 4 Ply Isi 10 Pcs Masker Medis Kesehatan Kemasan Plastik - Putih,Febby,agak panas pas dipakai,5,,,,,panas pakai
5,Masker KF94 4 Ply Isi 10 Pcs Masker Medis Kesehatan Kemasan Plastik - Putih,Rahmat,barang sesuai permintaan dan bagus namun komunikasi penjual ke pembeli tidak pro aktif,3,,,,,barang sesuai minta bagus komunikasi jual beli pro aktif
6,Masker KF94 4 Ply Isi 10 Pcs Masker Medis Kesehatan Kemasan Plastik - Putih,Alden,bagus maskernya,5,,,,,bagus masker
7,Masker KF94 4 Ply Isi 10 Pcs Masker Medis Kesehatan Kemasan Plastik - Putih,Heni,pengirimn cepet produkx juga bagus konsumen   sukamkasih,4,,,,,pengirimn cepat produk bagus konsumen suka makasih
8,Masker KF94 4 Ply Isi 10 Pcs Masker Medis Kesehatan Kemasan Plastik - Putih,Husin,barang sesuai pesanan pengiriman cepat,5,,,,,barang sesuai pesan kirim cepat
9,Masker KF94 4 Ply Isi 10 Pcs Masker Medis Kesehatan Kemasan Plastik - Putih,n***l,proses barang dijemput kurir lama banget anjas lah pokoknya,1,,,,,proses barang jemput kurir banget anjas pokok
10,Masker KF94 4 Ply Isi 10 Pcs Masker Medis Kesehatan Kemasan Plastik - Putih,Antonius,mantabspesan lagi yg warna hitam putih pink,5,,,,,mantabspesan warna hitam putih pink
11,MASKER 3PLY IZIN KEMENKES MASKER MEDIS KESEHATAN 3 PLY ALKINDO 50 PCS - Biru Earloop,M***e,pengiriman cepat sesuai pesanan respon penjual cepat dan ramah,5,,,,,kirim cepat sesuai pesan respon jual cepat ramah
12,MASKER 3PLY IZIN KEMENKES MASKER MEDIS KESEHATAN 3 PLY ALKINDO 50 PCS - Biru Earloop,R***I,barang diterima sesuai pesanan dan aman,5,,,,,barang terima sesuai pesan aman
13,MASKER 3PLY IZIN KEMENKES MASKER MEDIS KESEHATAN 3 PLY ALKINDO 50 PCS - Biru Earloop,Frida,,5,,,,,
14,MASKER 3PLY IZIN KEMENKES MASKER MEDIS KESEHATAN 3 PLY ALKINDO 50 PCS - Biru Earloop,Renold,kecewa berat dgn masker hijab warna hitamnya tali masker gampang putus krn tali masker terlalu pendek,1,,,,,kecewa berat masker hijab warna hitam tali masker gampang putus tali masker pendek
15,MASKER 3PLY IZIN KEMENKES MASKER MEDIS KESEHATAN 3 PLY ALKINDO 50 PCS - Biru Earloop,Roy,pengiriman sesuai estimasi terbaik lah,5,,,,,kirim sesuai estimasi baik
16,MASKER 3PLY IZIN KEMENKES MASKER MEDIS KESEHATAN 3 PLY ALKINDO 50 PCS - Biru Earloop,Ridwan,karet headloop nya agak pendek saya  istri tidak bisa pakai untungnya punya anak kecil jadi tidak masih bisa digunakan,3,,,,,karet headloop nya pendek istri pakai untung anak
17,MASKER 3PLY IZIN KEMENKES MASKER MEDIS KESEHATAN 3 PLY ALKINDO 50 PCS - Biru Earloop,Fatma,barang bagus hrga murah pelayanan memuaskan,5,,,,,barang bagus hrga murah layan muas
18,MASKER 3PLY IZIN KEMENKES MASKER MEDIS KESEHATAN 3 PLY ALKINDO 50 PCS - Biru Earloop,v***a,bagus barangnya sesuai,5,,,,,bagus barang sesuai
19,MASKER 3PLY IZIN KEMENKES MASKER MEDIS KESEHATAN 3 PLY ALKINDO 50 PCS - Biru Earloop,A***s,nan,5,,,,,nan
20,MASKER 3PLY IZIN KEMENKES MASKER MEDIS KESEHATAN 3 PLY ALKINDO 50 PCS - Biru Earloop,Renold,masker medis lumayan cpt sampai di tujuan harga murah tp bkn barang murahansmoga masker medis nya bermanfaat,5,,,,,masker medis lumayan cepat tuju harga murah barang murahansmoga masker medis nya manfaat
21,Masker 3 ply Medis Masker Bedah Kemenkes 3ply isi 50pcs Merk Orlee - Masker Earloop,Parama,seperti biasa sesuai pesanan packing baik pengiriman cepat terima kasih yaa,5,,,,,sesuai pesan packing kirim cepat terima kasih ya
22,Masker 3 ply Medis Masker Bedah Kemenkes 3ply isi 50pcs Merk Orlee - Masker Earloop,S***l,sesuai harga,4,,,,,sesuai harga
23,Masker 3 ply Medis Masker Bedah Kemenkes 3ply isi 50pcs Merk Orlee - Masker Earloop,Galih,pengiriman cepat barang sesuai,5,,,,,kirim cepat barang sesuai
24,Masker 3 ply Medis Masker Bedah Kemenkes 3ply isi 50pcs Merk Orlee - Masker Earloop,Sujatmiko,sesuai pesanan sipp,5,,,,,sesuai pesan sip
25,Masker 3 ply Medis Masker Bedah Kemenkes 3ply isi 50pcs Merk Orlee - Masker Earloop,A***s,nice one ,5,,,,,nice one
26,Masker 3 ply Medis Masker Bedah Kemenkes 3ply isi 50pcs Merk Orlee - Masker Earloop,Hae,sesuai pesanan,5,,,,,sesuai pesan
27,Masker 3 ply Medis Masker Bedah Kemenkes 3ply isi 50pcs Merk Orlee - Masker Earloop,M***i,barangnya udah nyampe di rumah ,5,,,,,barang rumah
28,Masker 3 ply Medis Masker Bedah Kemenkes 3ply isi 50pcs Merk Orlee - Masker Earloop,Achmad,di proses nya cepet thanks gan,5,,,,,proses nya cepat thanks gan
29,Masker 3 ply Medis Masker Bedah Kemenkes 3ply isi 50pcs Merk Orlee - Masker Earloop,M***r,barang sesuai pesanan,5,,,,,barang sesuai pesan
30,Masker 3 ply Medis Masker Bedah Kemenkes 3ply isi 50pcs Merk Orlee - Masker Earloop,s***a,pengiriman nya sangat cepat barang sampe dengan aman tidak ada kerusakan,5,,,,,kirim nya cepat barang aman rusa
31,Masker Evo PlusMed 4d Medis - Putih,A***i,masker favorite lebih seneng beli dari official store karena lebih terjamin,5,,,,,masker favorite senang beli official store jamin
32,Masker Evo PlusMed 4d Medis - Putih,L***a,packingan sangat bagus rapi  di bubblewrap dan pengiriman sangat cepat sesuai janjinya besok sampe  sangat puas,5,,,,,packingan bagus rapi bubblewrap kirim cepat sesuai janji besok puas
33,Masker Evo PlusMed 4d Medis - Putih,cynthia,kualitas okpengiriman cepet bangetdapet cashback lagi ,5,,,,,kualitas okpengiriman cepat bangetdapet cashback
34,Masker Evo PlusMed 4d Medis - Putih,B***k,barang sesuai pesanan dan cepat sampai,5,,,,,barang sesuai pesan cepat
35,Masker Evo PlusMed 4d Medis - Putih,Novi,barang asli evorecomended,5,,,,,barang asli evorecomended
36,Masker Evo PlusMed 4d Medis - Putih,J***a,pesen masker warna hijau datangnya warna pink,2,,,,,pesan masker warna hijau datang warna pink
37,Masker Evo PlusMed 4d Medis - Putih,G***i,baru pertama order pengemasan bagus spt biasa cepat dan semoga nambah warna lain yg cute yaaa,5,,,,,order emas bagus cepat moga tambah warna cute ya
38,Masker Evo PlusMed 4d Medis - Putih,M***i,selalu jd pilihan no   masker medis sy dan keluarga,5,,,,,pilih no masker medis keluarga
39,Masker Evo PlusMed 4d Medis - Putih,Felix,dari mulai packing hingga ke fisik barang rapi dan safety terima kasih dapat souvenir na lagi,5,,,,,packing fisik barang rapi safety terima kasih souvenir nya
40,Masker Evo PlusMed 4d Medis - Putih,Celine,bagusss,5,,,,,bagus
41,SENSI - Convex Mask 4 Ply | Masker Earloop 4 Ply | Masker Sensi - Merah,J***a,langganan,5,,,,,langgan
42,SENSI - Convex Mask 4 Ply | Masker Earloop 4 Ply | Masker Sensi - Merah,Rita,sukaa rapat nyaman banget,5,,,,,suka rapat nyaman banget
43,SENSI - Convex Mask 4 Ply | Masker Earloop 4 Ply | Masker Sensi - Merah,Y***A,proses cepat respon penjual ramah packaging rapi mantaaaaaapp,5,,,,,proses cepat respon jual ramah packaging rapi mantaaaaaapp
44,SENSI - Convex Mask 4 Ply | Masker Earloop 4 Ply | Masker Sensi - Merah,B***a,good quality  terpercaya,5,,,,,good quality percaya
45,SENSI - Convex Mask 4 Ply | Masker Earloop 4 Ply | Masker Sensi - Merah,Derry,pengiriman cepat pdhal dari bandung mantap lah,5,,,,,kirim cepat bandung mantap
46,SENSI - Convex Mask 4 Ply | Masker Earloop 4 Ply | Masker Sensi - Merah,Firdaus,respon cepat packing rapi pengiriman tepat waktu barang sesuai,5,,,,,respon cepat packing rapi kirim barang sesuai
47,SENSI - Convex Mask 4 Ply | Masker Earloop 4 Ply | Masker Sensi - Merah,N***a,produk asli terbungkus plastik segel lebih mahal dari toko lain tapi terjamin kualitasnya,5,,,,,produk asli bungkus plastik segel mahal toko jamin kualitas
48,SENSI - Convex Mask 4 Ply | Masker Earloop 4 Ply | Masker Sensi - Merah,Denys,bagus,5,,,,,bagus
49,SENSI - Convex Mask 4 Ply | Masker Earloop 4 Ply | Masker Sensi - Merah,R***z,recomended,5,,,,,rekomendasi
50,SENSI - Convex Mask 4 Ply | Masker Earloop 4 Ply | Masker Sensi - Merah,A***i,pengiriman nya cepat,5,,,,,kirim nya cepat
51,Disposable Mask KN95 N95 Facemask Kesehatan Masker Wajah 5 Layer BNPB - EVO 1pcs,Nova,re order yg ke sekian kali mantaap puas order di sini,5,,,,,re order sekian kali mantap puas order
52,Disposable Mask KN95 N95 Facemask Kesehatan Masker Wajah 5 Layer BNPB - EVO 1pcs,A***d,barang sudah di terima  terima kasih,5,,,,,barang terima terima kasih
53,Disposable Mask KN95 N95 Facemask Kesehatan Masker Wajah 5 Layer BNPB - EVO 1pcs,edduwar,barang baguz dan cepat tiba,5,,,,,barang baguz cepat
54,Disposable Mask KN95 N95 Facemask Kesehatan Masker Wajah 5 Layer BNPB - EVO 1pcs,Seindah,gak pernah rugi beli di toko ini rekomended,5,,,,,rugi beli toko rekomendasi
55,Disposable Mask KN95 N95 Facemask Kesehatan Masker Wajah 5 Layer BNPB - EVO 1pcs,A***s,,5,,,,,
56,Disposable Mask KN95 N95 Facemask Kesehatan Masker Wajah 5 Layer BNPB - EVO 1pcs,David,mantul ,5,,,,,mantul
57,Disposable Mask KN95 N95 Facemask Kesehatan Masker Wajah 5 Layer BNPB - EVO 1pcs,Anggia,hanya dibungkus plastik dan bukan sealed di dalam banyak debu dan kotor  lain,2,,,,,bungkus plastik sealed debu kotor
58,Disposable Mask KN95 N95 Facemask Kesehatan Masker Wajah 5 Layer BNPB - EVO 1pcs,W***a,sippp pembelian ke   ,5,,,,,sippp beli
59,Disposable Mask KN95 N95 Facemask Kesehatan Masker Wajah 5 Layer BNPB - EVO 1pcs,M***d,manstap,5,,,,,manstap
60,Disposable Mask KN95 N95 Facemask Kesehatan Masker Wajah 5 Layer BNPB - EVO 1pcs,Edwin,barang diterima dengan baik,5,,,,,barang terima
61,Goto Enviro 50 Pcs 3ply Facemask Masker Earloop Kesehatan - 50 pcs Rainbow,a***a,terbaik,5,,,,,baik
62,Goto Enviro 50 Pcs 3ply Facemask Masker Earloop Kesehatan - 50 pcs Rainbow,dharma,,5,,,,,
63,Goto Enviro 50 Pcs 3ply Facemask Masker Earloop Kesehatan - 50 pcs Rainbow,Lesmono,warna kalem bisa dipakai bini sesuai bajunya,5,,,,,warna kalem pakai bini sesuai baju
64,Goto Enviro 50 Pcs 3ply Facemask Masker Earloop Kesehatan - 50 pcs Rainbow,s***i,tooopp puuaaassss,5,,,,,tooopp puuaaassss
65,Goto Enviro 50 Pcs 3ply Facemask Masker Earloop Kesehatan - 50 pcs Rainbow,S***i,barang sesuai pesanan dan bagus hanya pengirimannya lebih lama dari umumnya,5,,,,,barang sesuai pesan bagus kirim
66,Goto Enviro 50 Pcs 3ply Facemask Masker Earloop Kesehatan - 50 pcs Rainbow,Melani,bagus rapih juga ga ada foto karna langsung dipakai talinya ga gampang putus tapi malah relatif sakit ditelinga makasih ya,5,,,,,bagus rapi foto langsung pakai tali gampang putus relatif sakit telinga terima kasih ya
67,Goto Enviro 50 Pcs 3ply Facemask Masker Earloop Kesehatan - 50 pcs Rainbow,Darwin,ok,5,,,,,ok
68,Goto Enviro 50 Pcs 3ply Facemask Masker Earloop Kesehatan - 50 pcs Rainbow,SETIAWAN,packing rapi respon cepat,5,,,,,packing rapi respon cepat
69,Goto Enviro 50 Pcs 3ply Facemask Masker Earloop Kesehatan - 50 pcs Rainbow,arief,mantap jiwa moga harganya bisa turun lg,5,,,,,mantap jiwa moga harga turun
70,Goto Enviro 50 Pcs 3ply Facemask Masker Earloop Kesehatan - 50 pcs Rainbow,arief,next order,5,,,,,next order
71,Disposable Face Mask 50pcs / BOX Masker Wajah Kesehatan 3 Layer BNPB - Pack 10pcs,H***k,kualitas bagus gak abal  ,5,,,,,kualitas bagus abal
72,Disposable Face Mask 50pcs / BOX Masker Wajah Kesehatan 3 Layer BNPB - Pack 10pcs,d***i,recommend kurirnya baikk,5,,,,,rekomendasi kurir
73,Disposable Face Mask 50pcs / BOX Masker Wajah Kesehatan 3 Layer BNPB - Pack 10pcs,Rizki,udah langganan beli masker di sini kualitas maskernya bagus dan pengiriman cepat harganya juga affordable thank you ,5,,,,,langgan beli masker kualitas masker bagus kirim cepat harga affordable thank you
74,Disposable Face Mask 50pcs / BOX Masker Wajah Kesehatan 3 Layer BNPB - Pack 10pcs,Irfan,paket sesuai gambar dan diskripsi pengiriman termasuk cepatrecomended seller,5,,,,,paket sesuai gambar skripsi kirim cepat seller
75,Disposable Face Mask 50pcs / BOX Masker Wajah Kesehatan 3 Layer BNPB - Pack 10pcs,Lupir,semenjak wabah ini melanda beli masker medis di toko ini sangat rekomendasi banget terimakasih,5,,,,,semenjak wabah landa beli masker medis toko rekomendasi banget terimakasih
76,Disposable Face Mask 50pcs / BOX Masker Wajah Kesehatan 3 Layer BNPB - Pack 10pcs,Mueeza,saya gak bs bedain merk yg satu dgn yg lain pas dtg brgnya terkesan sama aja mudah an ga ada mslh,4,,,,,beda merk brgnya kes mudah an
77,Disposable Face Mask 50pcs / BOX Masker Wajah Kesehatan 3 Layer BNPB - Pack 10pcs,G***g,order pagi bada isya udah sampe loh mantap pisan makasih banyak yah gan sukses selalu untuk lapaknya semoga tambah barokah,5,,,,,order pagi bada isya loh mantap pis terima kasih ya gan sukses lapak moga barokah
78,Disposable Face Mask 50pcs / BOX Masker Wajah Kesehatan 3 Layer BNPB - Pack 10pcs,Agit,box rapi packing rapi barang sesuai dgn gambar  seller respon ke customer,5,,,,,box rapi packing rapi barang sesuai gambar seller respon customer
79,Disposable Face Mask 50pcs / BOX Masker Wajah Kesehatan 3 Layer BNPB - Pack 10pcs,H***k,mantapp thanks,5,,,,,mantap thanks
80,Disposable Face Mask 50pcs / BOX Masker Wajah Kesehatan 3 Layer BNPB - Pack 10pcs,S***a,,5,,,,,
81,ONEMED - Masker Karet 3 Ply / Masker Non-Medis / Masker Earloop 3 ply - Putih,Z***i,barang bagus sesuai deskripsimakasih,5,,,,,barang bagus sesuai deskripsimakasih
82,ONEMED - Masker Karet 3 Ply / Masker Non-Medis / Masker Earloop 3 ply - Putih,M***M,sdh   kl order,5,,,,,order
83,ONEMED - Masker Karet 3 Ply / Masker Non-Medis / Masker Earloop 3 ply - Putih,Dimas,original tebal tapi nyaman,5,,,,,original tebal nyaman
84,ONEMED - Masker Karet 3 Ply / Masker Non-Medis / Masker Earloop 3 ply - Putih,Endah,ok bgt,5,,,,,ok banget
85,ONEMED - Masker Karet 3 Ply / Masker Non-Medis / Masker Earloop 3 ply - Putih,Adhi,tipis sih cuma jadi ragu dibandingkan dengan type lain sejenis yang  ply karena kelihatannya ini tidak   ply,3,,,,,tipis sih ragu banding type jenis ply ply
86,ONEMED - Masker Karet 3 Ply / Masker Non-Medis / Masker Earloop 3 ply - Putih,d***a,maskernya ngak ada plastik sebelum masuk dus,4,,,,,masker plastik masuk dus
87,ONEMED - Masker Karet 3 Ply / Masker Non-Medis / Masker Earloop 3 ply - Putih,D***g,paket komplit ni seller fast responramahbarang mantaprekomendasi terbaik deh belanja disini mantaf,5,,,,,paket komplit seller fast responramahbarang mantaprekomendasi baik deh belanja mantaf
88,ONEMED - Masker Karet 3 Ply / Masker Non-Medis / Masker Earloop 3 ply - Putih,Anggi,oke banget enak di pakai sampai dgn cepat,5,,,,,oke banget enak pakai cepat
89,ONEMED - Masker Karet 3 Ply / Masker Non-Medis / Masker Earloop 3 ply - Putih,A***s,overall produknya ok nyaman dipakai seharihari cm sayangnya pas sampai di saya packagingnya kardusnya agak penyok di bbrp sisi tapi masih tersegel rapih,5,,,,,overall produk ok nyaman pakai seharihari sayang packagingnya kardus penyok sisi segel rapi
90,ONEMED - Masker Karet 3 Ply / Masker Non-Medis / Masker Earloop 3 ply - Putih,Wiwit,maskernya sesuai untuk digunakan sehari  enak dipakai dan mudah untuk bernapas cuman yg warna putih jdi kliatan bnget nerawangnya jdi kaya tipis gtu,5,,,,,masker sesuai hari enak pakai mudah napas cuman warna putih banget nerawangnya kayak tipis
91,KUKE Disposable Mask KN95 Facemask Kesehatan Masker Wajah 5 Layer BNPB - KN95 1pcs,Iwan,barang sudah sampai dgn kondisi bagus dan pengiriman tepat waktu,5,,,,,barang kondisi bagus kirim
92,KUKE Disposable Mask KN95 Facemask Kesehatan Masker Wajah 5 Layer BNPB - KN95 1pcs,J***o,barangnya bagus sesuai deskripsi,5,,,,,barang bagus sesuai deskripsi
93,KUKE Disposable Mask KN95 Facemask Kesehatan Masker Wajah 5 Layer BNPB - KN95 1pcs,Rully,barang ok sesuai deskripsi pengiriman cepat,5,,,,,barang ok sesuai deskripsi kirim cepat
94,KUKE Disposable Mask KN95 Facemask Kesehatan Masker Wajah 5 Layer BNPB - KN95 1pcs,aan,puas bgtthank   seller,5,,,,,puas bgtthank seller
95,KUKE Disposable Mask KN95 Facemask Kesehatan Masker Wajah 5 Layer BNPB - KN95 1pcs,M***d,mantap,5,,,,,mantap
96,KUKE Disposable Mask KN95 Facemask Kesehatan Masker Wajah 5 Layer BNPB - KN95 1pcs,Trian,mantap ni beli yg ke   harga trun thanks,5,,,,,mantap beli harga turun thanks
97,KUKE Disposable Mask KN95 Facemask Kesehatan Masker Wajah 5 Layer BNPB - KN95 1pcs,L***i,lumayan bagus harga murah,5,,,,,lumayan bagus harga murah
98,KUKE Disposable Mask KN95 Facemask Kesehatan Masker Wajah 5 Layer BNPB - KN95 1pcs,Ryan,pengiriman cepat dan barang sesuai,5,,,,,kirim cepat barang sesuai
99,KUKE Disposable Mask KN95 Facemask Kesehatan Masker Wajah 5 Layer BNPB - KN95 1pcs,Hendry,,5,,,,,
100,KUKE Disposable Mask KN95 Facemask Kesehatan Masker Wajah 5 Layer BNPB - KN95 1pcs,Eleonora,pengiriman cepat admin ramah,5,,,,,kirim cepat admin ramah
101,C care Duckbill 3D Stereo 3 Ply Isi 50 Pcs Masker Duckbill Import - - Hitam,i***d,barang sesuai deskripsi dan pengirimannya cepet banget,5,,,,,barang sesuai deskripsi kirim cepat banget
102,C care Duckbill 3D Stereo 3 Ply Isi 50 Pcs Masker Duckbill Import - - Hitam,J***n,bagus ,5,,,,,bagus
103,C care Duckbill 3D Stereo 3 Ply Isi 50 Pcs Masker Duckbill Import - - Hitam,I***I,pengiriman cepat respon penjual oke,5,,,,,kirim cepat respon jual oke
104,C care Duckbill 3D Stereo 3 Ply Isi 50 Pcs Masker Duckbill Import - - Hitam,Risca,maskernya agak tipis ya bund,3,,,,,masker tipis ya bunda
105,C care Duckbill 3D Stereo 3 Ply Isi 50 Pcs Masker Duckbill Import - - Hitam,ruth,bagusssss dan murah,5,,,,,bagus murah
106,C care Duckbill 3D Stereo 3 Ply Isi 50 Pcs Masker Duckbill Import - - Hitam,Nanda,sesuai dan cepat sampai,5,,,,,sesuai cepat
107,C care Duckbill 3D Stereo 3 Ply Isi 50 Pcs Masker Duckbill Import - - Hitam,ijah,sdh sampai,5,,,,,
108,C care Duckbill 3D Stereo 3 Ply Isi 50 Pcs Masker Duckbill Import - - Hitam,Oppie,terima kasih ,5,,,,,terima kasih
109,C care Duckbill 3D Stereo 3 Ply Isi 50 Pcs Masker Duckbill Import - - Hitam,Hargianto,,5,,,,,
110,C care Duckbill 3D Stereo 3 Ply Isi 50 Pcs Masker Duckbill Import - - Hitam,Syafaun,pelayanan toko yang baik dan produk yang selalu bagus,5,,,,,layan toko produk bagus
111,Masker KN95 Alkindo Masker Medis 5ply 1 Box 10 pcs - Masker Kesehatan - Putih,yuyun,baguuussss sesuaii rapii dikemasnya,5,,,,,bagus sesuai rapi kemas
112,Masker KN95 Alkindo Masker Medis 5ply 1 Box 10 pcs - Masker Kesehatan - Putih,L***a,ukuran karetnya agak kebesaran untuk muka saya jadi kadang maskernya merosot,5,,,,,ukur karet besar muka kadang masker merosot
113,Masker KN95 Alkindo Masker Medis 5ply 1 Box 10 pcs - Masker Kesehatan - Putih,H***y,bagus hanya tidak ada boxnya,5,,,,,bagus boxnya
114,Masker KN95 Alkindo Masker Medis 5ply 1 Box 10 pcs - Masker Kesehatan - Putih,L***y,ok banget kualitas dan prosesnya,5,,,,,ok banget kualitas proses
115,Masker KN95 Alkindo Masker Medis 5ply 1 Box 10 pcs - Masker Kesehatan - Putih,Ridwan,ternyata for nonmedical use tapi its ok lah lebih baik dideskripsikan sesuai aslinya,4,,,,,for nonmedical use its ok deskripsi sesuai asli
116,Masker KN95 Alkindo Masker Medis 5ply 1 Box 10 pcs - Masker Kesehatan - Putih,Duarte,kualitas masker jelek banyak masker yg bolong tidak terjahit dengan benar lalu isinya cuma   ply kalo jualan yg bener bos,1,,,,,kualitas masker jelek masker bolong jahit isi ply kalo jual bos
117,Masker KN95 Alkindo Masker Medis 5ply 1 Box 10 pcs - Masker Kesehatan - Putih,M***a,size telinganya kecil,3,,,,,size telinga
118,Masker KN95 Alkindo Masker Medis 5ply 1 Box 10 pcs - Masker Kesehatan - Putih,Anandya,masker bagus tapi kekecilan di wajah besar saya ,5,,,,,masker bagus kecil wajah
119,Masker KN95 Alkindo Masker Medis 5ply 1 Box 10 pcs - Masker Kesehatan - Putih,Leksono,pengiriman bagus barang sesuai,5,,,,,kirim bagus barang sesuai
120,Masker KN95 Alkindo Masker Medis 5ply 1 Box 10 pcs - Masker Kesehatan - Putih,Zihan,lumanyan,4,,,,,lumanyan
121,Disposable Face Mask 50pcs/BOX Masker Wajah Kesehatan 3 Layer BNPB - Pack 10pcs,w***y,mantap,5,,,,,mantap
122,Disposable Face Mask 50pcs/BOX Masker Wajah Kesehatan 3 Layer BNPB - Pack 10pcs,M,barang datang lebih cepat dari estimasi seller responsif packaging oke barang lengkap dan utuh terima kasih,5,,,,,barang cepat estimasi seller responsif packaging oke barang lengkap utuh terima kasih
123,Disposable Face Mask 50pcs/BOX Masker Wajah Kesehatan 3 Layer BNPB - Pack 10pcs,D***y,mantul fast respon pengiriman cepat,5,,,,,mantul fast respon kirim cepat
124,Disposable Face Mask 50pcs/BOX Masker Wajah Kesehatan 3 Layer BNPB - Pack 10pcs,Jack,sesuai sama foto dan kualitasnya bagus banget buat range harganya langganan deh,5,,,,,sesuai foto kualitas bagus banget range harga langgan deh
125,Disposable Face Mask 50pcs/BOX Masker Wajah Kesehatan 3 Layer BNPB - Pack 10pcs,warham,sudah langganan disini cuman untuk pemesanan kemarin lumayan tertunda   harian karena belum siap untuk mengirim,5,,,,,langgan cuman mesan kemarin lumayan tunda hari kirim
126,Disposable Face Mask 50pcs/BOX Masker Wajah Kesehatan 3 Layer BNPB - Pack 10pcs,warham,mantap selalu tepat pesanannya,5,,,,,mantap pesan
127,Disposable Face Mask 50pcs/BOX Masker Wajah Kesehatan 3 Layer BNPB - Pack 10pcs,novaris,respon cepat pengiriman kilat barang sesuai mantaps,5,,,,,respon cepat kirim kilat barang sesuai mantaps
128,Disposable Face Mask 50pcs/BOX Masker Wajah Kesehatan 3 Layer BNPB - Pack 10pcs,D***t,mantap  mau beli lg,5,,,,,mantap beli
129,Disposable Face Mask 50pcs/BOX Masker Wajah Kesehatan 3 Layer BNPB - Pack 10pcs,A***i,proses cepatproduct sesuai,5,,,,,proses cepat sesuai
130,Disposable Face Mask 50pcs/BOX Masker Wajah Kesehatan 3 Layer BNPB - Pack 10pcs,P***t,pengiriman cepatmakasih,5,,,,,kirim cepat
131,Masker Kesehatan 3ply Earloop isi 50 pcs,Halalova,pengirimannya cepat barang bagus,5,,,,,kirim cepat barang bagus
132,Masker Kesehatan 3ply Earloop isi 50 pcs,H***y,barang sampai dengan selamat packing rapi pengiriman cepat kurrir ramah seller fast respon recommended pokok nya ,5,,,,,barang selamat packing rapi kirim cepat kurrir ramah seller fast respon rekomendasi pokok nya
133,Masker Kesehatan 3ply Earloop isi 50 pcs,Anggit,langganan masker dsni terus mantap,5,,,,,langgan masker mantap
134,Masker Kesehatan 3ply Earloop isi 50 pcs,HARIS,barang mantap respon cepattoko yang recommended untuk berbelanja pesan hri ini hari ini juga langusng dikirimbelanja ke    nya ,5,,,,,barang mantap respon cepat rekomendasi belanja pesan langusng dikirimbelanja nya
135,Masker Kesehatan 3ply Earloop isi 50 pcs,G***u,fast respon order jm   sore langsung dikirim pakek gosend,5,,,,,fast respon order jm sore langsung kirim pakai gosend
136,Masker Kesehatan 3ply Earloop isi 50 pcs,FAJARNO,ini belanja yg ke  pokoknya mantappp,5,,,,,belanja pokok mantap
137,Masker Kesehatan 3ply Earloop isi 50 pcs,S***n,mantap kedua kalinya,5,,,,,mantap kali
138,Masker Kesehatan 3ply Earloop isi 50 pcs,sugiarti,pengiriman cpt brg sesuai pic tq,5,,,,,kirim cepat bareng sesuai pic tq
139,Masker Kesehatan 3ply Earloop isi 50 pcs,Kadek,good,4,,,,,good
140,Masker Kesehatan 3ply Earloop isi 50 pcs,John,barangnya sesuai dgn yg di tawarkan,5,,,,,barang sesuai tawar
141,Masker Karet Pink OneMed box 50pcs,H***l,prosesnya cepat barang sesuai deskripsi dan packing dengan box  bubble wrap,5,,,,,proses cepat barang sesuai deskripsi packing box bubble wrap
142,Masker Karet Pink OneMed box 50pcs,Y***a,ke dua kalinya beli disini mantap cepat,5,,,,,kali beli mantap cepat
143,Masker Karet Pink OneMed box 50pcs,R***s,pengemasannya bagus banget sip terima kasih,5,,,,,emas bagus banget sip terima kasih
144,Masker Karet Pink OneMed box 50pcs,N***h,kedua kaliny beli disini pengiriman cepat barang juga oke segel on recommended ,5,,,,,kaliny beli kirim cepat barang oke segel on rekomendasi
145,Masker Karet Pink OneMed box 50pcs,M***r,admin nya kurang ramah ditanyain malah ditawarin cancel barang kalo produk sih bagus dan ori dan aman hanya saja karena toko keramean kali ya jawab nya malah disuruh cancel konsumen nya seperti ga perlu penjualan bole di tingkat kan lagi untuk service nya,4,,,,,admin nya ramah ditanyain ditawarin cancel barang kalo produk sih bagus orisinal aman toko keramean kali ya nya suruh cancel konsumen nya jual tingkat service nya
146,Masker Karet Pink OneMed box 50pcs,Enjel,bagus sip,5,,,,,bagus sip
147,Masker Karet Pink OneMed box 50pcs,H***o,fast respon packaging bagus tq,5,,,,,fast respon packaging bagus tq
148,Masker Karet Pink OneMed box 50pcs,Dwi,puass bangett masker onemed emang berkualitas,5,,,,,puass banget masker onemed kualitas
149,Masker Karet Pink OneMed box 50pcs,M***t,late delivery tp brng ok,4,,,,,late delivery brng ok
150,Masker Karet Pink OneMed box 50pcs,reredyah,sesuai,5,,,,,sesuai
151,Masker 3M Nexcare N95 KN95 9501 - 3M 9501 Import,r***n,pengemasannya cepat sekali seperti biasa masker andalan utk naik pesawat dapat bonus masker lumayan thank you seller,5,,,,,emas cepat masker andal pesawat bonus masker lumayan thank you seller
152,Masker 3M Nexcare N95 KN95 9501 - 3M 9501 Import,Moedji,barang bagus packingnya topmarkotop alias mantul saya puas minggu depan beli lagi agak banyak bonusnya ditambah jumlahnya ya thanks,5,,,,,barang bagus packingnya topmarkotop alias mantul puas minggu beli bonus tambah ya thanks
153,Masker 3M Nexcare N95 KN95 9501 - 3M 9501 Import,r***n,barang datang dengan cepat seperti biasa recommended seller utk masker kn  dan kf  dari  mmasker kn nya ketat terasa aman tp agak sakit di telinga kl dipakai beberapa jam thankyou bonusnya seller,5,,,,,barang cepat rekomendasi seller masker kf mmasker nya ketat aman sakit telinga pakai jam thankyou bonus seller
154,Masker 3M Nexcare N95 KN95 9501 - 3M 9501 Import,L***a,niattt bgt di vacum yg beli jd suka bgt,5,,,,,niattt banget vacum beli suka banget
155,Masker 3M Nexcare N95 KN95 9501 - 3M 9501 Import,r***n,cepat seperti biasa toko terpercaya utk beli masker  mmakasih bonus pouch maskernya,5,,,,,cepat toko percaya beli masker mmakasih bonus pouch masker
156,Masker 3M Nexcare N95 KN95 9501 - 3M 9501 Import,Dhita,pembelian ke empat kalinya packing mantab masker asli menemani saya terbang   jam sukses dan sehat selalu,5,,,,,beli kali packing mantab masker asli tani terbang jam sukses sehat
157,Masker 3M Nexcare N95 KN95 9501 - 3M 9501 Import,S***l,ok,5,,,,,ok
158,Masker 3M Nexcare N95 KN95 9501 - 3M 9501 Import,A***i,sedikit berbeda dengan yang saya pesan sebelumnya nampaknya ini import dari china namun saya diberi   bonus beli dua dapat tiga jadi auto   star thank youu gann,5,,,,,beda pesan nampaknya import china bonus beli auto star thank youu gann
159,Masker 3M Nexcare N95 KN95 9501 - 3M 9501 Import,M***l,pesanan cepat sekali diproses sayang kurirnya lama banget packing rapih dan aman dpt free pouch masker juga terima kasih,5,,,,,pesan cepat proses sayang kurir banget packing rapi aman free pouch masker terima kasih
160,Masker 3M Nexcare N95 KN95 9501 - 3M 9501 Import,Bambang,very fast response barangnya ok banget good job,5,,,,,very fast response barang ok banget good job
161,Facemask 50s / BOX Masker Wajah Kesehatan 3ply / Masker Mulut BNPB - Pack 10pcs,Arif,mantab bosssku terimakasih,5,,,,,mantab bosssku terimakasih
162,Facemask 50s / BOX Masker Wajah Kesehatan 3ply / Masker Mulut BNPB - Pack 10pcs,Reza,sesuai dengan pict barang bagus,5,,,,,sesuai pict barang bagus
163,Facemask 50s / BOX Masker Wajah Kesehatan 3ply / Masker Mulut BNPB - Pack 10pcs,Syahrul,masker sudah diterima terima kasih,5,,,,,masker terima terima kasih
164,Facemask 50s / BOX Masker Wajah Kesehatan 3ply / Masker Mulut BNPB - Pack 10pcs,Bayu,sudah ke    belanja di toko ini cepat pengirimannya dan packing rapih kualitas barang juga sesuai dengan deskripsi ,5,,,,,belanja toko cepat kirim packing rapi kualitas barang sesuai deskripsi
165,Facemask 50s / BOX Masker Wajah Kesehatan 3ply / Masker Mulut BNPB - Pack 10pcs,Alam,murah tapi nggak murahan cucu saya suka pake nya,5,,,,,murah murah cucu suka pakai nya
166,Facemask 50s / BOX Masker Wajah Kesehatan 3ply / Masker Mulut BNPB - Pack 10pcs,NURHASANAH,fast respon pengiriman cepat namun sayang box khusus yg hijab pada penyok penyok ada juga yg sobek padahal sdh di kasih note diketerangan agar box dilipat sajakrn ini kan utk dijual lagi bukan dipakai sendiri jadi harus bagus box nya,3,,,,,fast respon kirim cepat sayang box khusus hijab penyok penyok sobek kasih note terang box lipat sajakrn jual pakai bagus box nya
167,Facemask 50s / BOX Masker Wajah Kesehatan 3ply / Masker Mulut BNPB - Pack 10pcs,Y***a,brg sesuai,5,,,,,bareng sesuai
168,Facemask 50s / BOX Masker Wajah Kesehatan 3ply / Masker Mulut BNPB - Pack 10pcs,Andi,semua baik cepet dkrm dterima kondisi bagus packing bagus rapi cpt juga everything is good puassssss dech sangat puas,5,,,,,cepat dkrm dterima kondisi bagus packing bagus rapi cepat everything is good puassssss deh puas
169,Facemask 50s / BOX Masker Wajah Kesehatan 3ply / Masker Mulut BNPB - Pack 10pcs,Chandra,produk bagus sesuai dgn pesanan thanks,5,,,,,produk bagus sesuai pesan thanks
170,Facemask 50s / BOX Masker Wajah Kesehatan 3ply / Masker Mulut BNPB - Pack 10pcs,Jhon,pesan   box hijab    biasa   tapi yg datang semua   box model biasa yg hijab gak ada,3,,,,,pesan box hijab box model hijab
171,Masker Karet Putih 3 Ply Daily Use Onemed Box Isi 50 Pcs,Luke,masak debu saja bisa masuk yang bener aja kalau buat masker dibuat harian saja tidak bisa,1,,,,,masak debu masuk masker hari
172,Masker Karet Putih 3 Ply Daily Use Onemed Box Isi 50 Pcs,Densi,agak tipis dibanding biasa,4,,,,,tipis banding
173,Masker Karet Putih 3 Ply Daily Use Onemed Box Isi 50 Pcs,H***h,tipis bgtttt maskernya beda ama onemed biasanya karna warnanya putih jadi lebih lebih kelihatan tipisnya,2,,,,,tipis banget masker beda onemed warna putih tipis
174,Masker Karet Putih 3 Ply Daily Use Onemed Box Isi 50 Pcs,Shandyka,quantitas sesuai pesanan kemasannya box langsung masker dikira maskernya di bungkus plastik lagi tapi enak dipakai maskernya terimakasih layanan cukup cepat,5,,,,,quantitas sesuai pesan kemas box langsung masker masker bungkus plastik enak pakai masker terimakasih layan cepat
175,Masker Karet Putih 3 Ply Daily Use Onemed Box Isi 50 Pcs,D,jossss wes,5,,,,,jossss wes
176,Masker Karet Putih 3 Ply Daily Use Onemed Box Isi 50 Pcs,Astri,bagus smw barang msh tersegel utuh ga minta di bubble wrap tp dikasih biar aman isi nytrima ksh,5,,,,,bagus barang segel utuh bubble wrap kasih biar aman isi nytrima kasih
177,Masker Karet Putih 3 Ply Daily Use Onemed Box Isi 50 Pcs,Suci,entah sudah berapa kali beli masker disini selalu puas dengan pengiriman dan barangnya recomended,5,,,,,kali beli masker puas kirim barang rekomendasi
178,Masker Karet Putih 3 Ply Daily Use Onemed Box Isi 50 Pcs,Rani,,5,,,,,
179,Masker Karet Putih 3 Ply Daily Use Onemed Box Isi 50 Pcs,Cipta,seller bintang lima,5,,,,,seller bintang
180,Masker Karet Putih 3 Ply Daily Use Onemed Box Isi 50 Pcs,Dafit,barang sudah sampai terima kasih,5,,,,,barang terima kasih
181,masker kf94 pink 4ply masker antivirus kesehatan isi 10pcs,Andy,olshop yg terpercaya dan barang sesuai pesanan ,5,,,,,olshop percaya barang sesuai pesan
182,masker kf94 pink 4ply masker antivirus kesehatan isi 10pcs,Ineu,bagussssss,5,,,,,bagus
183,masker kf94 pink 4ply masker antivirus kesehatan isi 10pcs,N***i,okeeee thankyou seller,5,,,,,okeeee thankyou seller
184,masker kf94 pink 4ply masker antivirus kesehatan isi 10pcs,Javirus,jumlah sesuai  pcs pengirimn cepat terima kasih seller,5,,,,,sesuai pcs pengirimn cepat terima kasih seller
185,masker kf94 pink 4ply masker antivirus kesehatan isi 10pcs,Wahyu,siiiip,5,,,,,siiiip
186,masker kf94 pink 4ply masker antivirus kesehatan isi 10pcs,Muji,walaupun agak lama prosesnya tapi puas sama barang yg dikirim,5,,,,,proses puas barang kirim
187,masker kf94 pink 4ply masker antivirus kesehatan isi 10pcs,s***y,ada bonusnya ,5,,,,,bonus
188,masker kf94 pink 4ply masker antivirus kesehatan isi 10pcs,T***r,cepat tepat mantap ,5,,,,,cepat mantap
189,masker kf94 pink 4ply masker antivirus kesehatan isi 10pcs,widhi,tercepat pengirimannya,5,,,,,cepat kirim
190,masker kf94 pink 4ply masker antivirus kesehatan isi 10pcs,Senny,,5,,,,,
191,Disposable Mask KN95 Facemask Kesehatan Masker Wajah 5 Layer BNPB,Heri,alhamdulillah sesuai pesanan barangnya bagus,5,,,,,alhamdulillah sesuai pesan barang bagus
192,Disposable Mask KN95 Facemask Kesehatan Masker Wajah 5 Layer BNPB,Toni,barang sesuai peaanan,4,,,,,barang sesuai peaanan
193,Disposable Mask KN95 Facemask Kesehatan Masker Wajah 5 Layer BNPB,M***r,ceritanya kita beli   pcs kok ga dikotakin terkesan kurang bunafit sama saja seperti  ply kan sayang kwalitas premiumnya,3,,,,,cerita beli pcs dikotakin kes bunafit ply sayang kwalitas premium
194,Disposable Mask KN95 Facemask Kesehatan Masker Wajah 5 Layer BNPB,R***n,brng nya sudah sampai dngn baik sesuai pesanan bahan nya juga bagus ngga sesek buat napas nya makasihhhh,5,,,,,brng nya dngn sesuai pesan bahan nya bagus sek napas nya makasihhhh
195,Disposable Mask KN95 Facemask Kesehatan Masker Wajah 5 Layer BNPB,AFRODI,maskernya lumayan bagus besinya ga nempel maksimal,4,,,,,masker lumayan bagus besi tempel maksimal
196,Disposable Mask KN95 Facemask Kesehatan Masker Wajah 5 Layer BNPB,Melina,pembelian kedau dan barang tetap ok,5,,,,,beli kedau barang ok
197,Disposable Mask KN95 Facemask Kesehatan Masker Wajah 5 Layer BNPB,Alex,cepet nyampe komplit top,5,,,,,cepat komplit top
198,Disposable Mask KN95 Facemask Kesehatan Masker Wajah 5 Layer BNPB,Aris,mantulll,5,,,,,mantulll
199,Disposable Mask KN95 Facemask Kesehatan Masker Wajah 5 Layer BNPB,Sekardewi,dulu pesan pertama dg plastik per masker sekarang yg datang tidak di plastik per masker tp per   masker,3,,,,,pesan plastik masker plastik masker masker
200,Disposable Mask KN95 Facemask Kesehatan Masker Wajah 5 Layer BNPB,Endang,pengiriman cepat barang sesuai di foto kurir ramah,5,,,,,kirim cepat barang sesuai foto kurir ramah
201,Masker KF94 4 Ply Isi 10 Pcs Masker Medis Kesehatan Kemasan Plastik - Putih,Usep,okeeehhh,5,,,,,okeeehhh
202,Masker KF94 4 Ply Isi 10 Pcs Masker Medis Kesehatan Kemasan Plastik - Putih,Stephanus,keduakali beli tapi sayang yang kedua lambat dalam respon order pagi supaya bisa dikirim hari itu juga tapi sampai sore gak ada respon setelah ditanya baru respon itupun baru dikirim besoknya untuk barang bagus sesuai dengan harga,3,,,,,dua kali beli sayang lambat respon order pagi kirim sore respon respon itu kirim besok barang bagus sesuai harga
203,Masker KF94 4 Ply Isi 10 Pcs Masker Medis Kesehatan Kemasan Plastik - Putih,Rahmat,barang sesuai permintaan dan bagus namun komunikasi penjual ke pembeli tidak pro aktif,3,,,,,barang sesuai minta bagus komunikasi jual beli pro aktif
204,Masker KF94 4 Ply Isi 10 Pcs Masker Medis Kesehatan Kemasan Plastik - Putih,Alden,bagus maskernya,5,,,,,bagus masker
205,Masker KF94 4 Ply Isi 10 Pcs Masker Medis Kesehatan Kemasan Plastik - Putih,Husin,barang sesuai pesanan,4,,,,,barang sesuai pesan
206,Masker KF94 4 Ply Isi 10 Pcs Masker Medis Kesehatan Kemasan Plastik - Putih,Febby,agak panas pas dipakai,5,,,,,panas pakai
207,Masker KF94 4 Ply Isi 10 Pcs Masker Medis Kesehatan Kemasan Plastik - Putih,n***l,proses barang dijemput kurir lama banget anjas lah pokoknya,1,,,,,proses barang jemput kurir banget anjas pokok
208,Masker KF94 4 Ply Isi 10 Pcs Masker Medis Kesehatan Kemasan Plastik - Putih,Heni,pengirimn cepet produkx juga bagus konsumen   sukamkasih,4,,,,,pengirimn cepat produk bagus konsumen suka makasih
209,Masker KF94 4 Ply Isi 10 Pcs Masker Medis Kesehatan Kemasan Plastik - Putih,Yati,bagus pengiriman cepat,5,,,,,bagus kirim cepat
210,Masker KF94 4 Ply Isi 10 Pcs Masker Medis Kesehatan Kemasan Plastik - Putih,Husin,barang sesuai pesanan pengiriman cepat,5,,,,,barang sesuai pesan kirim cepat
211,Softies Surgical Mask 30s isi 30 Masker Medis (spt Sensi Nexcare 3M),l***h,pelayanan bagusseller ramah dan cepat reply chatdan pengiriman cepat sekali tapi belum sempat buka dusnyarecommemded,5,,,,,layan bagus ramah cepat reply chatdan kirim cepat buka dusnyarecommemded
212,Softies Surgical Mask 30s isi 30 Masker Medis (spt Sensi Nexcare 3M),M***M,packingnya rapih bgus barang sesuai,5,,,,,packingnya rapi bagus barang sesuai
213,Softies Surgical Mask 30s isi 30 Masker Medis (spt Sensi Nexcare 3M),Agung,pengiriman cepet packing tambah kardus juga,5,,,,,kirim cepat packing kardus
214,Softies Surgical Mask 30s isi 30 Masker Medis (spt Sensi Nexcare 3M),D***q,barang sudah diterima dengan baik terima kasih,5,,,,,barang terima terima kasih
215,Softies Surgical Mask 30s isi 30 Masker Medis (spt Sensi Nexcare 3M),Haernudin,mantap thanks,5,,,,,mantap thanks
216,Softies Surgical Mask 30s isi 30 Masker Medis (spt Sensi Nexcare 3M),D***n,cepat  akurat,5,,,,,cepat akurat
217,Softies Surgical Mask 30s isi 30 Masker Medis (spt Sensi Nexcare 3M),R***l,original recommended seller,5,,,,,original rekomendasi seller
218,Softies Surgical Mask 30s isi 30 Masker Medis (spt Sensi Nexcare 3M),Andriana,tepat waktu pengirimannyamantul gan,5,,,,,pengirimannyamantul gan
219,Softies Surgical Mask 30s isi 30 Masker Medis (spt Sensi Nexcare 3M),Andreas,packing rapi dan cepat sampai,5,,,,,packing rapi cepat
220,Softies Surgical Mask 30s isi 30 Masker Medis (spt Sensi Nexcare 3M),L***y,barang sesuai dgn yg ditawarkan,4,,,,,barang sesuai tawar
221,MIISOO Disposable N95 KN95 Korea KF94 Masker Kesehatan masker evo 4ply - EVO 1pcs,J***r,good product and fast response,5,,,,,good product and fast response
222,MIISOO Disposable N95 KN95 Korea KF94 Masker Kesehatan masker evo 4ply - EVO 1pcs,yuri,tq,5,,,,,tq
223,MIISOO Disposable N95 KN95 Korea KF94 Masker Kesehatan masker evo 4ply - EVO 1pcs,Kezia,puasssss bakal sering order disini,5,,,,,puasssss order
224,MIISOO Disposable N95 KN95 Korea KF94 Masker Kesehatan masker evo 4ply - EVO 1pcs,M***i,bagusssss,5,,,,,bagus
225,MIISOO Disposable N95 KN95 Korea KF94 Masker Kesehatan masker evo 4ply - EVO 1pcs,S***i,maskernya lebih kecil dr tipe kf  lainnya,4,,,,,masker tipe kf
226,MIISOO Disposable N95 KN95 Korea KF94 Masker Kesehatan masker evo 4ply - EVO 1pcs,Andin,barang aman belum di coba semoga nyaman dipakai,4,,,,,barang aman coba moga nyaman pakai
227,MIISOO Disposable N95 KN95 Korea KF94 Masker Kesehatan masker evo 4ply - EVO 1pcs,endang,barang sesuai deskripsi harga terjangkau fast respon,5,,,,,barang sesuai deskripsi harga jangkau fast respon
228,MIISOO Disposable N95 KN95 Korea KF94 Masker Kesehatan masker evo 4ply - EVO 1pcs,Fikri,better lah ya,5,,,,,better ya
229,MIISOO Disposable N95 KN95 Korea KF94 Masker Kesehatan masker evo 4ply - EVO 1pcs,Wiggo,packing oke pake dus tambahan,5,,,,,packing oke pakai dus tambah
230,MIISOO Disposable N95 KN95 Korea KF94 Masker Kesehatan masker evo 4ply - EVO 1pcs,S***n,kualitas lumayan,4,,,,,kualitas lumayan
231,THANKFUL - Masker Headloop Anak 4 Ply | Masker Anak Karet | Face Mask,Ninna,ini pembelian ke   menurit sy ini masker paling lembut   nyaman dr smua masker yg pernah sy beli karetnya kuat gak gampang putus   gak ikin sesek cocok banget banget buat anak  sayang aj harganya masih lumayan tinggi smoga sering  diskon ya,5,,,,,beli menurit masker lembut nyaman masker beli karet kuat gampang putus ikin sek cocok banget banget anak sayang harga lumayan moga diskon ya
232,THANKFUL - Masker Headloop Anak 4 Ply | Masker Anak Karet | Face Mask,Fabiola,sudah lebih dari     beli rising,5,,,,,beli rising
233,THANKFUL - Masker Headloop Anak 4 Ply | Masker Anak Karet | Face Mask,S***a,bagus kualitasnya pakcagin aman lembut buat anak,5,,,,,bagus kualitas pakcagin aman lembut anak
234,THANKFUL - Masker Headloop Anak 4 Ply | Masker Anak Karet | Face Mask,Benny,makasih gan barang telah diterima bahannya lembut pengiriman jg cepet,5,,,,,terima kasih gan barang terima bahan lembut kirim cepat
235,THANKFUL - Masker Headloop Anak 4 Ply | Masker Anak Karet | Face Mask,H***i,faste respond,5,,,,,faste respond
236,THANKFUL - Masker Headloop Anak 4 Ply | Masker Anak Karet | Face Mask,m***i,bahannya halus banget lebih halus dari merek si,5,,,,,bahan halus banget halus merek sih
237,THANKFUL - Masker Headloop Anak 4 Ply | Masker Anak Karet | Face Mask,Bony,packing rapi,5,,,,,packing rapi
238,THANKFUL - Masker Headloop Anak 4 Ply | Masker Anak Karet | Face Mask,Novi,baguss dan cepat,5,,,,,bagus cepat
239,THANKFUL - Masker Headloop Anak 4 Ply | Masker Anak Karet | Face Mask,resty,packing rapi kualitas oke,5,,,,,packing rapi kualitas oke
240,THANKFUL - Masker Headloop Anak 4 Ply | Masker Anak Karet | Face Mask,Chardova,produk original sesuai deskripsi pengiriman cepat harga produk baik respon penjual baik,5,,,,,produk original sesuai deskripsi kirim cepat harga produk respon jual
241,Nexcare 3M Masker 3 Lapis Earloop 3 Ply Daily Mask - 1 Box (36 Masker),Handana,kemasan rapi,5,,,,,kemas rapi
242,Nexcare 3M Masker 3 Lapis Earloop 3 Ply Daily Mask - 1 Box (36 Masker),F***i,perasaan lebih tipis dari yang di indmret  apa yg indmret   ply yasoalnya kalo kesana belinya nexcare juga,4,,,,,asa tipis indmret indmret ply yasoalnya kalo kesana beli nexcare
243,Nexcare 3M Masker 3 Lapis Earloop 3 Ply Daily Mask - 1 Box (36 Masker),n***a,beli per box dapet bonus   kf  tapi tidak di kirimminta produk di foto agar bisa di proses complain bonus kok minta foto produk,1,,,,,beli box bonus kf kirimminta produk foto proses complain bonus foto produk
244,Nexcare 3M Masker 3 Lapis Earloop 3 Ply Daily Mask - 1 Box (36 Masker),W***m,produk bagus dan original pengiriman sangat cepat,5,,,,,produk bagus original kirim cepat
245,Nexcare 3M Masker 3 Lapis Earloop 3 Ply Daily Mask - 1 Box (36 Masker),Elike,packing amburadul dus masker penyok sepenyok nya dus nyasampai terbuka karena tidak diisolasi,1,,,,,packing amburadul dus masker penyok penyok nya dus nyasampai buka isolasi
246,Nexcare 3M Masker 3 Lapis Earloop 3 Ply Daily Mask - 1 Box (36 Masker),J***y,satu aja sih packingnya ga bagus udah   kali pesan dusnya penyok untung aja dalemnya ada plastiknya lagi,4,,,,,sih packingnya bagus kali pesan dus penyok untung dalem plastik
247,Nexcare 3M Masker 3 Lapis Earloop 3 Ply Daily Mask - 1 Box (36 Masker),A***t,thanks barang sudah saya terima dengan baik,5,,,,,thanks barang terima
248,Nexcare 3M Masker 3 Lapis Earloop 3 Ply Daily Mask - 1 Box (36 Masker),Z***n,mantapssss,5,,,,,mantapssss
249,Nexcare 3M Masker 3 Lapis Earloop 3 Ply Daily Mask - 1 Box (36 Masker),I***n,top,5,,,,,top
250,Nexcare 3M Masker 3 Lapis Earloop 3 Ply Daily Mask - 1 Box (36 Masker),Y***i,packing rapipesanan sesuai,5,,,,,packing rapipesanan sesuai
251,Baru! Masker Kain Airycool 3D Dewasa Anti Mikrobial dan Air (10 pcs) - Kids White,I***a,barangnya bagus dan recommended banget,5,,,,,barang bagus rekomendasi banget
252,Baru! Masker Kain Airycool 3D Dewasa Anti Mikrobial dan Air (10 pcs) - Kids White,a***s,produk berkualitas dan sangat bermanfaat mari kita bersama saling menjaga dari virus covid  tks,5,,,,,produk kualitas manfaat mari jaga virus covid tks
253,Baru! Masker Kain Airycool 3D Dewasa Anti Mikrobial dan Air (10 pcs) - Kids White,Y***z,size agak kecil ternyata bahan ok,4,,,,,size bahan ok
254,Baru! Masker Kain Airycool 3D Dewasa Anti Mikrobial dan Air (10 pcs) - Kids White,N***a,bagus bahannya sukaaaaa,5,,,,,bagus bahan sukaaaaa
255,Baru! Masker Kain Airycool 3D Dewasa Anti Mikrobial dan Air (10 pcs) - Kids White,a***s,produk bermanfaat dan berkualitas buat anakanak mari kita bersama menjaga supaya pandemi covid  segera berakhir,5,,,,,produk manfaat kualitas anakanak mari jaga pandemi covid
256,Baru! Masker Kain Airycool 3D Dewasa Anti Mikrobial dan Air (10 pcs) - Kids White,n***a,pas banget ukurannyaselalu cocok dg masker dr sritexgood quality,5,,,,,banget ukurannyaselalu cocok masker sritexgood quality
257,Baru! Masker Kain Airycool 3D Dewasa Anti Mikrobial dan Air (10 pcs) - Kids White,Medyarti,pengiriman supeeeer cepat order subuh malam sudah datang kemasan rapi banget pake bubble warp dan kotak maskernya juga tebal dan sesuai gambar saya puaas banget dgn pelayanannya,5,,,,,kirim supeeeer cepat order subuh malam kemas rapi banget pakai bubble warp kotak masker tebal sesuai gambar puaas banget layan
258,Baru! Masker Kain Airycool 3D Dewasa Anti Mikrobial dan Air (10 pcs) - Kids White,Tutiek,bagus semoga talinya awet,5,,,,,bagus moga tali awet
259,Baru! Masker Kain Airycool 3D Dewasa Anti Mikrobial dan Air (10 pcs) - Kids White,Hery,ok,5,,,,,ok
260,Baru! Masker Kain Airycool 3D Dewasa Anti Mikrobial dan Air (10 pcs) - Kids White,Aan,respon cepat malam order siang uda sampe mantapp,5,,,,,respon cepat malam order siang mantap
261,Face Mask Earloop 50pcs Masker mulut/ Masker Wajah Kesehatan 3ply BNPB - Pack 10pcs,Revan,thx sesuai ekspetasi selalu beli disini ,5,,,,,thx sesuai ekspetasi beli
262,Face Mask Earloop 50pcs Masker mulut/ Masker Wajah Kesehatan 3ply BNPB - Pack 10pcs,dunia,bagus  pelayanan cepat,5,,,,,bagus layan cepat
263,Face Mask Earloop 50pcs Masker mulut/ Masker Wajah Kesehatan 3ply BNPB - Pack 10pcs,Asib,barang ny sesuai dgn pesanan mksh toped,5,,,,,barang nya sesuai pesan terima kasih toped
264,Face Mask Earloop 50pcs Masker mulut/ Masker Wajah Kesehatan 3ply BNPB - Pack 10pcs,V***a,pengiriman  packing amanseller responsif dah beli bbrp kaliterima kasih,5,,,,,kirim packing amanseller responsif deh beli kaliterima kasih
265,Face Mask Earloop 50pcs Masker mulut/ Masker Wajah Kesehatan 3ply BNPB - Pack 10pcs,Ariel,responsif barang cepat sampai packing rapi memuaskan makasih gan,5,,,,,responsif barang cepat packing rapi muas terima kasih gan
266,Face Mask Earloop 50pcs Masker mulut/ Masker Wajah Kesehatan 3ply BNPB - Pack 10pcs,t***a,produk sudah tiba dengan selamat dan baik barangnya bagus packingan lumayan aman mohon ditingkatkan lagi untuk packingan terima kasih,4,,,,,produk selamat barang bagus packingan lumayan aman mohon tingkat packingan terima kasih
267,Face Mask Earloop 50pcs Masker mulut/ Masker Wajah Kesehatan 3ply BNPB - Pack 10pcs,Ariyanto,merk cuma di dus masker ga ada merk dan kualitas ya seperti masker tanpa merk baru pake pas mau buka langsung putus talinya,2,,,,,merk dus masker merk kualitas ya masker merk pakai buka langsung putus tali
268,Face Mask Earloop 50pcs Masker mulut/ Masker Wajah Kesehatan 3ply BNPB - Pack 10pcs,SOFYAN,kereeen,5,,,,,keren
269,Face Mask Earloop 50pcs Masker mulut/ Masker Wajah Kesehatan 3ply BNPB - Pack 10pcs,Lucky,order pagi sore udah sampe padahal pake gratis ongkir bukan sameday barang bagus sesuai lah sama harga,5,,,,,order pagi sore pakai gratis ongkir sameday barang bagus sesuai harga
270,Face Mask Earloop 50pcs Masker mulut/ Masker Wajah Kesehatan 3ply BNPB - Pack 10pcs,I***n,bagus agak tipis dr pd yg biasa aq beli selisih  rb doang pdhl,5,,,,,bagus tipis beli selisih ribu doang
271,Goto Disposable Mask KN 95 Facemask 5Ply Earloop Masker KN95 5 Ply - 10 pcs,T***o,tali nya agak sakit di kuping kalau pakai lamaan,3,,,,,tali nya sakit kuping pakai lama
272,Goto Disposable Mask KN 95 Facemask 5Ply Earloop Masker KN95 5 Ply - 10 pcs,Anisah,masker talinya panjang dan gak sakit dikupingmantap,5,,,,,masker tali sakit dikupingmantap
273,Goto Disposable Mask KN 95 Facemask 5Ply Earloop Masker KN95 5 Ply - 10 pcs,Rizal,terima kasih,5,,,,,terima kasih
274,Goto Disposable Mask KN 95 Facemask 5Ply Earloop Masker KN95 5 Ply - 10 pcs,Fitria,bagus dalemnya ada plastik lagi semoga aman,5,,,,,bagus dalem plastik moga aman
275,Goto Disposable Mask KN 95 Facemask 5Ply Earloop Masker KN95 5 Ply - 10 pcs,R***a,service bagus delivery tepat waktu,5,,,,,service bagus delivery
276,Goto Disposable Mask KN 95 Facemask 5Ply Earloop Masker KN95 5 Ply - 10 pcs,Taufiq,barang diterima dgn baik,5,,,,,barang terima
277,Goto Disposable Mask KN 95 Facemask 5Ply Earloop Masker KN95 5 Ply - 10 pcs,T***h,murah dan berkualitas dipakenya juga enak,5,,,,,murah kualitas dipakenya enak
278,Goto Disposable Mask KN 95 Facemask 5Ply Earloop Masker KN95 5 Ply - 10 pcs,Beta,paket sudah diterima dalam keadaan oke respon seller cepat proses pesanan cepat kualitas oke sesuai gambar dan pesanan terima kasih dan semoga sukses,5,,,,,paket terima oke respon seller cepat proses pesan cepat kualitas oke sesuai gambar pesan terima kasih moga sukses
279,Goto Disposable Mask KN 95 Facemask 5Ply Earloop Masker KN95 5 Ply - 10 pcs,Syarizal,pengiriman cepatmantappp,5,,,,,kirim cepat
280,Goto Disposable Mask KN 95 Facemask 5Ply Earloop Masker KN95 5 Ply - 10 pcs,Cecep,kualitas bagus recommended,5,,,,,kualitas bagus rekomendasi
281,Madame Gie Protect You KN95 Mask - Masker Kesehatan,A***i,kaget ama kemasannya tdk sesuai dgn apa yg aku bayangkan apakah karna aku beli hrga kejar diskon   klo hrga normal mungkin lebih rapih ya secara  rb banding  rb   btw makasih maskernya kakak,2,,,,,kaget kemas sesuai bayang beli hrga kejar diskon kalo hrga normal rapi ya ribu banding ribu btw terima kasih masker kakak
282,Madame Gie Protect You KN95 Mask - Masker Kesehatan,S***a,sesuai deskripsi,5,,,,,sesuai deskripsi
283,Madame Gie Protect You KN95 Mask - Masker Kesehatan,C***a,sudah diterima,5,,,,,terima
284,Madame Gie Protect You KN95 Mask - Masker Kesehatan,Afrizal,kaya masker biasa sejenis gk ada merkembossed ati  temen tertipu dgn merk nya,2,,,,,kayak masker jenis merkembossed ati teman tipu merk nya
285,Madame Gie Protect You KN95 Mask - Masker Kesehatan,M***i,thanks gan barang udah sampai,4,,,,,thanks gan barang
286,Madame Gie Protect You KN95 Mask - Masker Kesehatan,Ramadhan,barang bagus sampainya cepat dibungkus dg aman,5,,,,,barang bagus sampai cepat bungkus aman
287,Madame Gie Protect You KN95 Mask - Masker Kesehatan,ANTON,ok,5,,,,,ok
288,Madame Gie Protect You KN95 Mask - Masker Kesehatan,Joko,biasa aja,2,,,,,
289,Madame Gie Protect You KN95 Mask - Masker Kesehatan,ANTON,mantab,5,,,,,mantab
290,Madame Gie Protect You KN95 Mask - Masker Kesehatan,Maria,kn  nya sesuai ekspektasi  dipacking jd satu dgn maskernya krn pesan di toko yg sama packing aman rapih,5,,,,,nya sesuai ekspektasi dipacking masker pesan toko packing aman rapi
291,Buy 1 Get 1 - Masker Primero - Sachet,A***g,kualitas barang baik pengiriman lbh cepat dr sblm nya,5,,,,,kualitas barang kirim cepat nya
292,Buy 1 Get 1 - Masker Primero - Sachet,Ayu,good produk di kemas higienis per  pcs masker di plastik pengiriman cepat dan kualitas ok,5,,,,,good produk kemas higienis pcs masker plastik kirim cepat kualitas ok
293,Buy 1 Get 1 - Masker Primero - Sachet,a***a,deskripsi produk tidak sesuai dgn yg diterima pengiraman lama dan slow respon kotak penyok meskipun sudah di bubble wrap karena kotak masker tipis,1,,,,,deskripsi produk sesuai terima iram slow respon kotak penyok bubble wrap kotak masker tipis
294,Buy 1 Get 1 - Masker Primero - Sachet,M***y,top lah keren,5,,,,,top keren
295,Buy 1 Get 1 - Masker Primero - Sachet,M***l,parahini masker hargany overpersis dengan yg harga   ribu   dus official store tokopedia harus lebih selektif barang tidak bermutu over price pula ini masker sertifikasi aja daily maskdijual seharga surgical mask,1,,,,,parahini masker hargany overpersis harga ribu dus official store tokopedia selektif barang mutu over price masker sertifikasi daily maskdijual harga surgical mask
296,Buy 1 Get 1 - Masker Primero - Sachet,a***a,barang yg dikirim tdk sesuai deskripsi tidak tertera ijin kemenkes dan tgl exp date di kotak pengiriman lama pesan    kotaknya penyok karena gak di packing masukin ke dalam dus untung ada pelindung bubble wrap,1,,,,,barang kirim sesuai deskripsi tera ijin kemenkes tanggal exp date kotak kirim pesan kotak penyok packing masuk dus untung lindung bubble wrap
297,Buy 1 Get 1 - Masker Primero - Sachet,Teguh,kotaknya penyok disana sini mngkn dr pihak expediai,5,,,,,kotak penyok sana mngkn expediai
298,Buy 1 Get 1 - Masker Primero - Sachet,F***a,barang sesuai dan kualitas baik cuma kardusnya agak penyok sedikit next time mau order lagi kalo ada promo yg menarik banyakin promonya,5,,,,,barang sesuai kualitas kardus penyok next time order kalo promo tarik banyak promonya
299,Buy 1 Get 1 - Masker Primero - Sachet,N***a,dapet harga promo jadi murah pengiriman agak lama mungkin karena promo,5,,,,,harga promo murah kirim promo
300,Buy 1 Get 1 - Masker Primero - Sachet,G***g,agak lama emang diproses sampe dikirim dan nyampe jadi harus agak sabar ya temanteman yg mau beli paket cuman di bubble wrap saja sedikit penyok tapi gpp soalnya isinya yang saya dapat ternyata packagingnya per  pcs sealed jadi aman untuk kualitas maskernya belom dicoba tapi saya pernah pake merk ini juga beli di minimarket cukup bagus kualitasnya,5,,,,,proses kirim sabar ya temanteman beli paket cuman bubble wrap penyok enggak apa isi packagingnya pcs sealed aman kualitas masker coba pakai merk beli minimarket bagus kualitas
